0,50.064
0.0008,52.064
0.0016,104.06
0.0024,117.06
0.0032,100.06
0.004,80.064
0.0048,133.06
0.0056,204.06
0.0064,217.06
0.0072,252.06
0.008,255.06
0.0088,166.06
0.0096,106.06
0.0104,101.06
0.0112,40.064
0.012,-86.936
0.0128,-141.94
0.0136,-144.94
0.0144,-184.94
0.0152,-222.94
0.016,-336.94
0.0168,-372.94
0.0176,-264.94
0.0184,-241.94
0.0192,-227.94
0.02,-182.94
0.0208,-149.94
0.0216,-136.94
0.0224,-77.936
0.0232,-3.9358
0.024,-56.936
0.0248,-75.936
0.0256,-86.936
0.0264,-120.94
0.0272,-50.936
0.028,-17.936
0.0288,-31.936
0.0296,-53.936
0.0304,-117.94
0.0312,-107.94
0.032,-89.936
0.0328,-141.94
0.0336,-133.94
0.0344,-60.936
0.0352,-41.936
0.036,-40.936
0.0368,-37.936
0.0376,-90.936
0.0384,-82.936
0.0392,-48.936
0.04,-87.936
0.0408,-54.936
0.0416,11.064
0.0424,-5.9358
0.0432,-15.936
0.044,-33.936
0.0448,-72.936
0.0456,-92.936
0.0464,-144.94
0.0472,-101.94
0.048,-59.936
0.0488,-118.94
0.0496,-76.936
0.0504,-74.936
0.0512,-69.936
0.052,51.064
0.0528,33.064
0.0536,8.0642
0.0544,45.064
0.0552,19.064
0.056,40.064
0.0568,59.064
0.0576,92.064
0.0584,141.06
0.0592,175.06
0.06,217.06
0.0608,150.06
0.0616,102.06
0.0624,77.064
0.0632,85.064
0.064,186.06
0.0648,238.06
0.0656,279.06
0.0664,252.06
0.0672,190.06
0.068,205.06
0.0688,236.06
0.0696,289.06
0.0704,318.06
0.0712,341.06
0.072,403.06
0.0728,383.06
0.0736,326.06
0.0744,320.06
0.0752,313.06
0.076,312.06
0.0768,281.06
0.0776,264.06
0.0784,280.06
0.0792,278.06
0.08,182.06
0.0808,27.064
0.0816,44.064
0.0824,93.064
0.0832,111.06
0.084,187.06
0.0848,158.06
0.0856,161.06
0.0864,196.06
0.0872,104.06
0.088,68.064
0.0888,90.064
0.0896,118.06
0.0904,127.06
0.0912,103.06
0.092,138.06
0.0928,121.06
0.0936,63.064
0.0944,48.064
0.0952,-24.936
0.096,-54.936
0.0968,22.064
0.0976,82.064
0.0984,159.06
0.0992,222.06
0.1,207.06
0.1008,196.06
0.1016,228.06
0.1024,265.06
0.1032,240.06
0.104,210.06
0.1048,214.06
0.1056,213.06
0.1064,194.06
0.1072,153.06
0.108,121.06
0.1088,74.064
0.1096,31.064
0.1104,-2.9358
0.1112,-54.936
0.112,-76.936
0.1128,-98.936
0.1136,-121.94
0.1144,-131.94
0.1152,-149.94
0.116,-192.94
0.1168,-266.94
0.1176,-251.94
0.1184,-172.94
0.1192,-162.94
0.12,-162.94
0.1208,-147.94
0.1216,-161.94
0.1224,-163.94
0.1232,-117.94
0.124,-2.9358
0.1248,126.06
0.1256,156.06
0.1264,124.06
0.1272,123.06
0.128,96.064
0.1288,34.064
0.1296,36.064
0.1304,47.064
0.1312,15.064
0.132,-56.936
0.1328,-91.936
0.1336,-34.936
0.1344,-92.936
0.1352,-149.94
0.136,-90.936
0.1368,-101.94
0.1376,-85.936
0.1384,-57.936
0.1392,-74.936
0.14,-42.936
0.1408,-72.936
0.1416,-114.94
0.1424,-44.936
0.1432,-42.936
0.144,-61.936
0.1448,2.0642
0.1456,25.064
0.1464,13.064
0.1472,51.064
0.148,70.064
0.1488,7.0642
0.1496,-38.936
0.1504,-59.936
0.1512,-42.936
0.152,-40.936
0.1528,-77.936
0.1536,-41.936
0.1544,-58.936
0.1552,-111.94
0.156,-105.94
0.1568,-143.94
0.1576,-116.94
0.1584,10.064
0.1592,67.064
0.16,46.064
0.1608,9.0642
0.1616,42.064
0.1624,127.06
0.1632,109.06
0.164,105.06
0.1648,141.06
0.1656,61.064
0.1664,-8.9358
0.1672,-38.936
0.168,-77.936
0.1688,-98.936
0.1696,-196.94
0.1704,-249.94
0.1712,-198.94
0.172,-201.94
0.1728,-205.94
0.1736,-188.94
0.1744,-169.94
0.1752,-182.94
0.176,-263.94
0.1768,-305.94
0.1776,-299.94
0.1784,-246.94
0.1792,-240.94
0.18,-304.94
0.1808,-248.94
0.1816,-187.94
0.1824,-216.94
0.1832,-188.94
0.184,-167.94
0.1848,-215.94
0.1856,-243.94
0.1864,-261.94
0.1872,-266.94
0.188,-244.94
0.1888,-275.94
0.1896,-291.94
0.1904,-215.94
0.1912,-173.94
0.192,-220.94
0.1928,-217.94
0.1936,-184.94
0.1944,-203.94
0.1952,-235.94
0.196,-353.94
0.1968,-476.94
0.1976,-475.94
0.1984,-513.94
0.1992,-584.94
0.2,-563.94
0.2008,-575.94
0.2016,-615.94
0.2024,-558.94
0.2032,-492.94
0.204,-404.94
0.2048,-374.94
0.2056,-450.94
0.2064,-424.94
0.2072,-393.94
0.208,-437.94
0.2088,-445.94
0.2096,-432.94
0.2104,-391.94
0.2112,-350.94
0.212,-360.94
0.2128,-335.94
0.2136,-322.94
0.2144,-404.94
0.2152,-391.94
0.216,-323.94
0.2168,-345.94
0.2176,-324.94
0.2184,-316.94
0.2192,-318.94
0.22,-257.94
0.2208,-216.94
0.2216,-160.94
0.2224,-172.94
0.2232,-196.94
0.224,-172.94
0.2248,-177.94
0.2256,-112.94
0.2264,9.0642
0.2272,122.06
0.228,162.06
0.2288,174.06
0.2296,229.06
0.2304,213.06
0.2312,215.06
0.232,284.06
0.2328,287.06
0.2336,293.06
0.2344,292.06
0.2352,303.06
0.236,358.06
0.2368,301.06
0.2376,298.06
0.2384,317.06
0.2392,205.06
0.24,171.06
0.2408,107.06
0.2416,52.064
0.2424,69.064
0.2432,-33.936
0.244,-71.936
0.2448,-21.936
0.2456,-2.9358
0.2464,12.064
0.2472,-54.936
0.248,-106.94
0.2488,-73.936
0.2496,-57.936
0.2504,-5.9358
0.2512,6.0642
0.252,-66.936
0.2528,-53.936
0.2536,-13.936
0.2544,-1.9358
0.2552,83.064
0.256,120.06
0.2568,30.064
0.2576,-20.936
0.2584,-54.936
0.2592,-74.936
0.26,16.064
0.2608,44.064
0.2616,10.064
0.2624,14.064
0.2632,6.0642
0.264,2.0642
0.2648,2.0642
0.2656,15.064
0.2664,42.064
0.2672,81.064
0.268,127.06
0.2688,87.064
0.2696,35.064
0.2704,29.064
0.2712,-58.936
0.272,-151.94
0.2728,-223.94
0.2736,-296.94
0.2744,-285.94
0.2752,-278.94
0.276,-272.94
0.2768,-217.94
0.2776,-196.94
0.2784,-189.94
0.2792,-166.94
0.28,-175.94
0.2808,-199.94
0.2816,-195.94
0.2824,-190.94
0.2832,-195.94
0.284,-195.94
0.2848,-210.94
0.2856,-196.94
0.2864,-144.94
0.2872,-145.94
0.288,-120.94
0.2888,-42.936
0.2896,-39.936
0.2904,-31.936
0.2912,38.064
0.292,17.064
0.2928,-14.936
0.2936,62.064
0.2944,80.064
0.2952,60.064
0.296,93.064
0.2968,132.06
0.2976,192.06
0.2984,250.06
0.2992,258.06
0.3,206.06
0.3008,185.06
0.3016,202.06
0.3024,189.06
0.3032,188.06
0.304,139.06
0.3048,90.064
0.3056,76.064
0.3064,41.064
0.3072,61.064
0.308,94.064
0.3088,62.064
0.3096,14.064
0.3104,-13.936
0.3112,-16.936
0.312,3.0642
0.3128,7.0642
0.3136,-25.936
0.3144,-18.936
0.3152,7.0642
0.316,47.064
0.3168,124.06
0.3176,88.064
0.3184,17.064
0.3192,-8.9358
0.32,-62.936
0.3208,-103.94
0.3216,-123.94
0.3224,-97.936
0.3232,-76.936
0.324,-68.936
0.3248,-73.936
0.3256,-94.936
0.3264,-81.936
0.3272,-125.94
0.328,-170.94
0.3288,-261.94
0.3296,-387.94
0.3304,-368.94
0.3312,-361.94
0.332,-396.94
0.3328,-366.94
0.3336,-355.94
0.3344,-391.94
0.3352,-357.94
0.336,-299.94
0.3368,-311.94
0.3376,-303.94
0.3384,-360.94
0.3392,-455.94
0.34,-451.94
0.3408,-447.94
0.3416,-373.94
0.3424,-289.94
0.3432,-332.94
0.344,-323.94
0.3448,-359.94
0.3456,-484.94
0.3464,-504.94
0.3472,-487.94
0.348,-461.94
0.3488,-451.94
0.3496,-492.94
0.3504,-503.94
0.3512,-532.94
0.352,-592.94
0.3528,-643.94
0.3536,-669.94
0.3544,-665.94
0.3552,-690.94
0.356,-650.94
0.3568,-577.94
0.3576,-600.94
0.3584,-571.94
0.3592,-560.94
0.36,-508.94
0.3608,-301.94
0.3616,-251.94
0.3624,-318.94
0.3632,-364.94
0.364,-400.94
0.3648,-400.94
0.3656,-404.94
0.3664,-400.94
0.3672,-462.94
0.368,-488.94
0.3688,-356.94
0.3696,-245.94
0.3704,-204.94
0.3712,-221.94
0.372,-225.94
0.3728,-165.94
0.3736,-133.94
0.3744,-63.936
0.3752,-12.936
0.376,-36.936
0.3768,41.064
0.3776,96.064
0.3784,26.064
0.3792,26.064
0.38,80.064
0.3808,110.06
0.3816,118.06
0.3824,172.06
0.3832,238.06
0.384,186.06
0.3848,200.06
0.3856,222.06
0.3864,177.06
0.3872,243.06
0.388,286.06
0.3888,278.06
0.3896,255.06
0.3904,204.06
0.3912,219.06
0.392,251.06
0.3928,265.06
0.3936,270.06
0.3944,257.06
0.3952,260.06
0.396,248.06
0.3968,178.06
0.3976,67.064
0.3984,-18.936
0.3992,-34.936
0.4,21.064
0.4008,74.064
0.4016,4.0642
0.4024,-33.936
0.4032,13.064
0.404,24.064
0.4048,101.06
0.4056,202.06
0.4064,233.06
0.4072,245.06
0.408,289.06
0.4088,355.06
0.4096,356.06
0.4104,348.06
0.4112,353.06
0.412,357.06
0.4128,344.06
0.4136,258.06
0.4144,250.06
0.4152,298.06
0.416,261.06
0.4168,214.06
0.4176,195.06
0.4184,134.06
0.4192,29.064
0.42,-10.936
0.4208,25.064
0.4216,90.064
0.4224,144.06
0.4232,194.06
0.424,278.06
0.4248,312.06
0.4256,325.06
0.4264,326.06
0.4272,274.06
0.428,209.06
0.4288,168.06
0.4296,190.06
0.4304,196.06
0.4312,148.06
0.432,91.064
0.4328,107.06
0.4336,147.06
0.4344,130.06
0.4352,136.06
0.436,102.06
0.4368,39.064
0.4376,3.0642
0.4384,-46.936
0.4392,-44.936
0.44,5.0642
0.4408,88.064
0.4416,212.06
0.4424,300.06
0.4432,373.06
0.444,449.06
0.4448,436.06
0.4456,382.06
0.4464,338.06
0.4472,284.06
0.448,287.06
0.4488,356.06
0.4496,404.06
0.4504,400.06
0.4512,374.06
0.452,344.06
0.4528,281.06
0.4536,234.06
0.4544,221.06
0.4552,166.06
0.456,153.06
0.4568,141.06
0.4576,53.064
0.4584,4.0642
0.4592,-41.936
0.46,-83.936
0.4608,-108.94
0.4616,-92.936
0.4624,15.064
0.4632,65.064
0.464,-2.9358
0.4648,2.0642
0.4656,61.064
0.4664,7.0642
0.4672,-61.936
0.468,-56.936
0.4688,-34.936
0.4696,2.0642
0.4704,78.064
0.4712,83.064
0.472,76.064
0.4728,131.06
0.4736,51.064
0.4744,10.064
0.4752,76.064
0.476,68.064
0.4768,87.064
0.4776,170.06
0.4784,205.06
0.4792,117.06
0.48,24.064
0.4808,54.064
0.4816,99.064
0.4824,23.064
0.4832,-94.936
0.484,-175.94
0.4848,-282.94
0.4856,-371.94
0.4864,-348.94
0.4872,-270.94
0.488,-308.94
0.4888,-415.94
0.4896,-461.94
0.4904,-522.94
0.4912,-468.94
0.492,-354.94
0.4928,-408.94
0.4936,-452.94
0.4944,-428.94
0.4952,-363.94
0.496,-277.94
0.4968,-251.94
0.4976,-221.94
0.4984,-241.94
0.4992,-257.94
0.5,-231.94
0.5008,-260.94
0.5016,-239.94
0.5024,-221.94
0.5032,-217.94
0.504,-130.94
0.5048,-63.936
0.5056,7.0642
0.5064,102.06
0.5072,152.06
0.508,167.06
0.5088,157.06
0.5096,200.06
0.5104,235.06
0.5112,215.06
0.512,223.06
0.5128,189.06
0.5136,143.06
0.5144,184.06
0.5152,249.06
0.516,251.06
0.5168,258.06
0.5176,306.06
0.5184,336.06
0.5192,377.06
0.52,405.06
0.5208,453.06
0.5216,556.06
0.5224,554.06
0.5232,467.06
0.524,445.06
0.5248,400.06
0.5256,326.06
0.5264,330.06
0.5272,331.06
0.528,336.06
0.5288,376.06
0.5296,337.06
0.5304,313.06
0.5312,330.06
0.532,308.06
0.5328,292.06
0.5336,272.06
0.5344,346.06
0.5352,395.06
0.536,322.06
0.5368,326.06
0.5376,290.06
0.5384,244.06
0.5392,312.06
0.54,389.06
0.5408,435.06
0.5416,413.06
0.5424,436.06
0.5432,525.06
0.544,588.06
0.5448,620.06
0.5456,644.06
0.5464,694.06
0.5472,683.06
0.548,661.06
0.5488,696.06
0.5496,640.06
0.5504,539.06
0.5512,536.06
0.552,509.06
0.5528,435.06
0.5536,441.06
0.5544,493.06
0.5552,540.06
0.556,560.06
0.5568,602.06
0.5576,673.06
0.5584,632.06
0.5592,542.06
0.56,530.06
0.5608,551.06
0.5616,587.06
0.5624,579.06
0.5632,551.06
0.564,567.06
0.5648,551.06
0.5656,549.06
0.5664,540.06
0.5672,554.06
0.568,623.06
0.5688,638.06
0.5696,632.06
0.5704,609.06
0.5712,579.06
0.572,589.06
0.5728,592.06
0.5736,484.06
0.5744,364.06
0.5752,331.06
0.576,246.06
0.5768,168.06
0.5776,158.06
0.5784,138.06
0.5792,132.06
0.58,189.06
0.5808,311.06
0.5816,395.06
0.5824,479.06
0.5832,613.06
0.584,628.06
0.5848,566.06
0.5856,567.06
0.5864,584.06
0.5872,605.06
0.588,580.06
0.5888,527.06
0.5896,514.06
0.5904,504.06
0.5912,522.06
0.592,523.06
0.5928,495.06
0.5936,510.06
0.5944,498.06
0.5952,461.06
0.596,436.06
0.5968,432.06
0.5976,435.06
0.5984,394.06
0.5992,350.06
0.6,315.06
0.6008,260.06
0.6016,208.06
0.6024,200.06
0.6032,206.06
0.604,198.06
0.6048,172.06
0.6056,99.064
0.6064,79.064
0.6072,115.06
0.608,128.06
0.6088,114.06
0.6096,80.064
0.6104,47.064
0.6112,31.064
0.612,59.064
0.6128,157.06
0.6136,215.06
0.6144,151.06
0.6152,136.06
0.616,118.06
0.6168,33.064
0.6176,-18.936
0.6184,-102.94
0.6192,-215.94
0.62,-277.94
0.6208,-173.94
0.6216,-74.936
0.6224,-89.936
0.6232,-44.936
0.624,-39.936
0.6248,-8.9358
0.6256,104.06
0.6264,140.06
0.6272,156.06
0.628,123.06
0.6288,70.064
0.6296,103.06
0.6304,195.06
0.6312,257.06
0.632,256.06
0.6328,263.06
0.6336,235.06
0.6344,169.06
0.6352,115.06
0.636,103.06
0.6368,107.06
0.6376,39.064
0.6384,3.0642
0.6392,5.0642
0.64,-64.936
0.6408,-143.94
0.6416,-136.94
0.6424,-113.94
0.6432,-90.936
0.644,-91.936
0.6448,-216.94
0.6456,-214.94
0.6464,-93.936
0.6472,-119.94
0.648,-165.94
0.6488,-150.94
0.6496,-154.94
0.6504,-208.94
0.6512,-183.94
0.652,-98.936
0.6528,-93.936
0.6536,-71.936
0.6544,-16.936
0.6552,18.064
0.656,-4.9358
0.6568,-52.936
0.6576,-22.936
0.6584,-40.936
0.6592,-126.94
0.66,-148.94
0.6608,-168.94
0.6616,-211.94
0.6624,-212.94
0.6632,-253.94
0.664,-269.94
0.6648,-184.94
0.6656,-257.94
0.6664,-388.94
0.6672,-375.94
0.668,-377.94
0.6688,-390.94
0.6696,-341.94
0.6704,-290.94
0.6712,-216.94
0.672,-151.94
0.6728,-158.94
0.6736,-192.94
0.6744,-248.94
0.6752,-272.94
0.676,-260.94
0.6768,-222.94
0.6776,-229.94
0.6784,-257.94
0.6792,-210.94
0.68,-203.94
0.6808,-190.94
0.6816,-146.94
0.6824,-94.936
0.6832,-19.936
0.684,34.064
0.6848,56.064
0.6856,73.064
0.6864,133.06
0.6872,202.06
0.688,267.06
0.6888,311.06
0.6896,346.06
0.6904,391.06
0.6912,395.06
0.692,357.06
0.6928,324.06
0.6936,297.06
0.6944,253.06
0.6952,298.06
0.696,310.06
0.6968,249.06
0.6976,315.06
0.6984,361.06
0.6992,312.06
0.7,231.06
0.7008,174.06
0.7016,167.06
0.7024,174.06
0.7032,310.06
0.704,455.06
0.7048,466.06
0.7056,456.06
0.7064,466.06
0.7072,466.06
0.708,446.06
0.7088,452.06
0.7096,462.06
0.7104,457.06
0.7112,468.06
0.712,481.06
0.7128,489.06
0.7136,444.06
0.7144,359.06
0.7152,325.06
0.716,401.06
0.7168,511.06
0.7176,538.06
0.7184,540.06
0.7192,529.06
0.72,499.06
0.7208,508.06
0.7216,534.06
0.7224,541.06
0.7232,516.06
0.724,534.06
0.7248,514.06
0.7256,391.06
0.7264,358.06
0.7272,353.06
0.728,329.06
0.7288,325.06
0.7296,273.06
0.7304,262.06
0.7312,279.06
0.732,266.06
0.7328,324.06
0.7336,431.06
0.7344,432.06
0.7352,382.06
0.736,422.06
0.7368,463.06
0.7376,451.06
0.7384,408.06
0.7392,358.06
0.74,337.06
0.7408,344.06
0.7416,343.06
0.7424,300.06
0.7432,312.06
0.744,370.06
0.7448,387.06
0.7456,376.06
0.7464,366.06
0.7472,402.06
0.748,413.06
0.7488,412.06
0.7496,439.06
0.7504,391.06
0.7512,371.06
0.752,419.06
0.7528,357.06
0.7536,289.06
0.7544,259.06
0.7552,161.06
0.756,170.06
0.7568,233.06
0.7576,187.06
0.7584,179.06
0.7592,151.06
0.76,95.064
0.7608,130.06
0.7616,175.06
0.7624,240.06
0.7632,288.06
0.764,287.06
0.7648,293.06
0.7656,278.06
0.7664,307.06
0.7672,313.06
0.768,237.06
0.7688,225.06
0.7696,212.06
0.7704,152.06
0.7712,144.06
0.772,209.06
0.7728,267.06
0.7736,244.06
0.7744,206.06
0.7752,177.06
0.776,220.06
0.7768,271.06
0.7776,250.06
0.7784,259.06
0.7792,255.06
0.78,231.06
0.7808,145.06
0.7816,-30.936
0.7824,-141.94
0.7832,-205.94
0.784,-273.94
0.7848,-285.94
0.7856,-285.94
0.7864,-300.94
0.7872,-296.94
0.788,-255.94
0.7888,-171.94
0.7896,-120.94
0.7904,-167.94
0.7912,-228.94
0.792,-271.94
0.7928,-317.94
0.7936,-326.94
0.7944,-326.94
0.7952,-317.94
0.796,-260.94
0.7968,-275.94
0.7976,-301.94
0.7984,-231.94
0.7992,-290.94
0.8,-385.94
0.8008,-334.94
0.8016,-260.94
0.8024,-183.94
0.8032,-111.94
0.804,-81.936
0.8048,-98.936
0.8056,-135.94
0.8064,-141.94
0.8072,-137.94
0.808,-167.94
0.8088,-165.94
0.8096,-99.936
0.8104,-94.936
0.8112,-101.94
0.812,-75.936
0.8128,-95.936
0.8136,-152.94
0.8144,-232.94
0.8152,-299.94
0.816,-334.94
0.8168,-328.94
0.8176,-257.94
0.8184,-227.94
0.8192,-251.94
0.82,-236.94
0.8208,-228.94
0.8216,-244.94
0.8224,-239.94
0.8232,-236.94
0.824,-237.94
0.8248,-230.94
0.8256,-229.94
0.8264,-215.94
0.8272,-163.94
0.828,-139.94
0.8288,-149.94
0.8296,-111.94
0.8304,-51.936
0.8312,-43.936
0.832,-91.936
0.8328,-168.94
0.8336,-187.94
0.8344,-110.94
0.8352,-86.936
0.836,-120.94
0.8368,-77.936
0.8376,-2.9358
0.8384,58.064
0.8392,120.06
0.84,169.06
0.8408,197.06
0.8416,203.06
0.8424,207.06
0.8432,197.06
0.844,146.06
0.8448,116.06
0.8456,128.06
0.8464,101.06
0.8472,104.06
0.848,166.06
0.8488,230.06
0.8496,305.06
0.8504,271.06
0.8512,238.06
0.852,329.06
0.8528,363.06
0.8536,382.06
0.8544,410.06
0.8552,415.06
0.856,463.06
0.8568,450.06
0.8576,394.06
0.8584,371.06
0.8592,372.06
0.86,455.06
0.8608,506.06
0.8616,509.06
0.8624,537.06
0.8632,514.06
0.864,522.06
0.8648,463.06
0.8656,331.06
0.8664,313.06
0.8672,229.06
0.868,142.06
0.8688,146.06
0.8696,126.06
0.8704,109.06
0.8712,93.064
0.872,148.06
0.8728,178.06
0.8736,179.06
0.8744,309.06
0.8752,335.06
0.876,334.06
0.8768,447.06
0.8776,500.06
0.8784,518.06
0.8792,423.06
0.88,380.06
0.8808,394.06
0.8816,248.06
0.8824,244.06
0.8832,310.06
0.884,282.06
0.8848,352.06
0.8856,367.06
0.8864,300.06
0.8872,260.06
0.888,254.06
0.8888,286.06
0.8896,296.06
0.8904,309.06
0.8912,294.06
0.892,316.06
0.8928,373.06
0.8936,359.06
0.8944,324.06
0.8952,321.06
0.896,396.06
0.8968,408.06
0.8976,370.06
0.8984,427.06
0.8992,445.06
0.9,447.06
0.9008,481.06
0.9016,427.06
0.9024,390.06
0.9032,405.06
0.904,365.06
0.9048,294.06
0.9056,244.06
0.9064,195.06
0.9072,134.06
0.908,177.06
0.9088,245.06
0.9096,243.06
0.9104,237.06
0.9112,190.06
0.912,137.06
0.9128,89.064
0.9136,54.064
0.9144,114.06
0.9152,174.06
0.916,135.06
0.9168,104.06
0.9176,88.064
0.9184,41.064
0.9192,33.064
0.92,-4.9358
0.9208,-78.936
0.9216,-157.94
0.9224,-298.94
0.9232,-316.94
0.924,-237.94
0.9248,-284.94
0.9256,-318.94
0.9264,-350.94
0.9272,-460.94
0.928,-513.94
0.9288,-437.94
0.9296,-323.94
0.9304,-244.94
0.9312,-114.94
0.932,-44.936
0.9328,0.064221
0.9336,139.06
0.9344,222.06
0.9352,240.06
0.936,212.06
0.9368,186.06
0.9376,174.06
0.9384,125.06
0.9392,52.064
0.94,-78.936
0.9408,-204.94
0.9416,-216.94
0.9424,-169.94
0.9432,-136.94
0.944,-89.936
0.9448,-28.936
0.9456,16.064
0.9464,26.064
0.9472,-31.936
0.948,-93.936
0.9488,-44.936
0.9496,53.064
0.9504,64.064
0.9512,-36.936
0.952,-210.94
0.9528,-275.94
0.9536,-197.94
0.9544,-186.94
0.9552,-215.94
0.956,-274.94
0.9568,-385.94
0.9576,-370.94
0.9584,-292.94
0.9592,-282.94
0.96,-325.94
0.9608,-342.94
0.9616,-327.94
0.9624,-363.94
0.9632,-390.94
0.964,-419.94
0.9648,-449.94
0.9656,-534.94
0.9664,-658.94
0.9672,-683.94
0.968,-636.94
0.9688,-538.94
0.9696,-463.94
0.9704,-423.94
0.9712,-414.94
0.972,-346.94
0.9728,-191.94
0.9736,-117.94
0.9744,-87.936
0.9752,-116.94
0.976,-169.94
0.9768,-147.94
0.9776,-180.94
0.9784,-261.94
0.9792,-227.94
0.98,-172.94
0.9808,-163.94
0.9816,-89.936
0.9824,-91.936
0.9832,-126.94
0.984,-95.936
0.9848,-159.94
0.9856,-226.94
0.9864,-249.94
0.9872,-298.94
0.988,-315.94
0.9888,-296.94
0.9896,-286.94
0.9904,-274.94
0.9912,-227.94
0.992,-99.936
0.9928,37.064
0.9936,103.06
0.9944,122.06
0.9952,90.064
0.996,82.064
0.9968,128.06
0.9976,150.06
0.9984,96.064
0.9992,36.064
1,104.06
1.0008,190.06
1.0016,244.06
1.0024,311.06
1.0032,315.06
1.004,345.06
1.0048,403.06
1.0056,420.06
1.0064,404.06
1.0072,380.06
1.008,498.06
1.0088,631.06
1.0096,652.06
1.0104,648.06
1.0112,584.06
1.012,524.06
1.0128,520.06
1.0136,521.06
1.0144,497.06
1.0152,424.06
1.016,396.06
1.0168,478.06
1.0176,555.06
1.0184,513.06
1.0192,415.06
1.02,406.06
1.0208,387.06
1.0216,330.06
1.0224,324.06
1.0232,291.06
1.024,304.06
1.0248,408.06
1.0256,455.06
1.0264,482.06
1.0272,552.06
1.028,574.06
1.0288,599.06
1.0296,635.06
1.0304,643.06
1.0312,605.06
1.032,539.06
1.0328,537.06
1.0336,523.06
1.0344,522.06
1.0352,511.06
1.036,473.06
1.0368,485.06
1.0376,449.06
1.0384,386.06
1.0392,340.06
1.04,338.06
1.0408,318.06
1.0416,243.06
1.0424,168.06
1.0432,78.064
1.044,71.064
1.0448,109.06
1.0456,131.06
1.0464,168.06
1.0472,149.06
1.048,104.06
1.0488,122.06
1.0496,98.064
1.0504,69.064
1.0512,162.06
1.052,218.06
1.0528,267.06
1.0536,369.06
1.0544,357.06
1.0552,298.06
1.056,251.06
1.0568,231.06
1.0576,301.06
1.0584,341.06
1.0592,379.06
1.06,477.06
1.0608,491.06
1.0616,473.06
1.0624,485.06
1.0632,457.06
1.064,397.06
1.0648,354.06
1.0656,322.06
1.0664,262.06
1.0672,243.06
1.068,214.06
1.0688,175.06
1.0696,231.06
1.0704,242.06
1.0712,217.06
1.072,219.06
1.0728,210.06
1.0736,180.06
1.0744,95.064
1.0752,61.064
1.076,82.064
1.0768,109.06
1.0776,211.06
1.0784,266.06
1.0792,263.06
1.08,310.06
1.0808,331.06
1.0816,330.06
1.0824,324.06
1.0832,287.06
1.084,261.06
1.0848,260.06
1.0856,263.06
1.0864,285.06
1.0872,300.06
1.088,300.06
1.0888,334.06
1.0896,352.06
1.0904,359.06
1.0912,372.06
1.092,318.06
1.0928,238.06
1.0936,151.06
1.0944,42.064
1.0952,4.0642
1.096,-35.936
1.0968,-90.936
1.0976,-81.936
1.0984,-85.936
1.0992,-84.936
1.1,-133.94
1.1008,-208.94
1.1016,-169.94
1.1024,-126.94
1.1032,-122.94
1.104,-145.94
1.1048,-172.94
1.1056,-169.94
1.1064,-170.94
1.1072,-130.94
1.108,-139.94
1.1088,-223.94
1.1096,-244.94
1.1104,-272.94
1.1112,-280.94
1.112,-187.94
1.1128,-179.94
1.1136,-254.94
1.1144,-227.94
1.1152,-213.94
1.116,-226.94
1.1168,-180.94
1.1176,-130.94
1.1184,-100.94
1.1192,-122.94
1.12,-107.94
1.1208,-32.936
1.1216,7.0642
1.1224,3.0642
1.1232,-70.936
1.124,-138.94
1.1248,-187.94
1.1256,-275.94
1.1264,-321.94
1.1272,-341.94
1.128,-370.94
1.1288,-409.94
1.1296,-451.94
1.1304,-464.94
1.1312,-492.94
1.132,-505.94
1.1328,-499.94
1.1336,-421.94
1.1344,-274.94
1.1352,-245.94
1.136,-270.94
1.1368,-254.94
1.1376,-264.94
1.1384,-299.94
1.1392,-296.94
1.14,-219.94
1.1408,-151.94
1.1416,-125.94
1.1424,-82.936
1.1432,-39.936
1.144,0.064221
1.1448,61.064
1.1456,118.06
1.1464,111.06
1.1472,54.064
1.148,7.0642
1.1488,-81.936
1.1496,-121.94
1.1504,-73.936
1.1512,-3.9358
1.152,140.06
1.1528,209.06
1.1536,227.06
1.1544,316.06
1.1552,343.06
1.156,385.06
1.1568,454.06
1.1576,454.06
1.1584,449.06
1.1592,455.06
1.16,459.06
1.1608,433.06
1.1616,427.06
1.1624,452.06
1.1632,440.06
1.164,435.06
1.1648,406.06
1.1656,309.06
1.1664,226.06
1.1672,207.06
1.168,210.06
1.1688,213.06
1.1696,227.06
1.1704,252.06
1.1712,257.06
1.172,214.06
1.1728,107.06
1.1736,3.0642
1.1744,-37.936
1.1752,-68.936
1.176,-56.936
1.1768,-9.9358
1.1776,11.064
1.1784,3.0642
1.1792,-34.936
1.18,-29.936
1.1808,-51.936
1.1816,-123.94
1.1824,-83.936
1.1832,-34.936
1.184,-49.936
1.1848,-29.936
1.1856,25.064
1.1864,73.064
1.1872,64.064
1.188,46.064
1.1888,71.064
1.1896,151.06
1.1904,219.06
1.1912,148.06
1.192,98.064
1.1928,93.064
1.1936,-1.9358
1.1944,-38.936
1.1952,-48.936
1.196,-67.936
1.1968,-100.94
1.1976,-201.94
1.1984,-183.94
1.1992,-103.94
1.2,-100.94
1.2008,-18.936
1.2016,50.064
1.2024,-3.9358
1.2032,-17.936
1.204,-81.936
1.2048,-143.94
1.2056,-69.936
1.2064,-62.936
1.2072,-24.936
1.208,100.06
1.2088,70.064
1.2096,22.064
1.2104,33.064
1.2112,-29.936
1.212,-48.936
1.2128,-75.936
1.2136,-160.94
1.2144,-160.94
1.2152,-185.94
1.216,-265.94
1.2168,-255.94
1.2176,-270.94
1.2184,-282.94
1.2192,-198.94
1.22,-211.94
1.2208,-197.94
1.2216,-69.936
1.2224,-4.9358
1.2232,40.064
1.224,92.064
1.2248,182.06
1.2256,212.06
1.2264,146.06
1.2272,141.06
1.228,102.06
1.2288,62.064
1.2296,99.064
1.2304,68.064
1.2312,-11.936
1.232,-52.936
1.2328,-84.936
1.2336,-169.94
1.2344,-268.94
1.2352,-300.94
1.236,-315.94
1.2368,-292.94
1.2376,-235.94
1.2384,-226.94
1.2392,-214.94
1.24,-215.94
1.2408,-227.94
1.2416,-237.94
1.2424,-242.94
1.2432,-175.94
1.244,-125.94
1.2448,-179.94
1.2456,-193.94
1.2464,-204.94
1.2472,-269.94
1.248,-256.94
1.2488,-299.94
1.2496,-433.94
1.2504,-527.94
1.2512,-513.94
1.252,-376.94
1.2528,-333.94
1.2536,-368.94
1.2544,-432.94
1.2552,-561.94
1.256,-690.94
1.2568,-786.94
1.2576,-748.94
1.2584,-723.94
1.2592,-745.94
1.26,-725.94
1.2608,-782.94
1.2616,-824.94
1.2624,-813.94
1.2632,-837.94
1.264,-823.94
1.2648,-743.94
1.2656,-737.94
1.2664,-786.94
1.2672,-820.94
1.268,-871.94
1.2688,-849.94
1.2696,-849.94
1.2704,-813.94
1.2712,-580.94
1.272,-457.94
1.2728,-500.94
1.2736,-522.94
1.2744,-594.94
1.2752,-689.94
1.276,-743.94
1.2768,-773.94
1.2776,-746.94
1.2784,-660.94
1.2792,-582.94
1.28,-541.94
1.2808,-427.94
1.2816,-302.94
1.2824,-271.94
1.2832,-230.94
1.284,-192.94
1.2848,-141.94
1.2856,-44.936
1.2864,61.064
1.2872,123.06
1.288,127.06
1.2888,191.06
1.2896,238.06
1.2904,256.06
1.2912,254.06
1.292,243.06
1.2928,347.06
1.2936,369.06
1.2944,251.06
1.2952,109.06
1.296,-29.936
1.2968,-114.94
1.2976,-201.94
1.2984,-204.94
1.2992,-126.94
1.3,-98.936
1.3008,-48.936
1.3016,-34.936
1.3024,-88.936
1.3032,-123.94
1.304,-166.94
1.3048,-206.94
1.3056,-221.94
1.3064,-202.94
1.3072,-115.94
1.308,-77.936
1.3088,-40.936
1.3096,29.064
1.3104,7.0642
1.3112,17.064
1.312,32.064
1.3128,8.0642
1.3136,-14.936
1.3144,-39.936
1.3152,-17.936
1.316,-1.9358
1.3168,7.0642
1.3176,62.064
1.3184,127.06
1.3192,161.06
1.32,193.06
1.3208,242.06
1.3216,292.06
1.3224,346.06
1.3232,420.06
1.324,474.06
1.3248,451.06
1.3256,422.06
1.3264,464.06
1.3272,463.06
1.328,384.06
1.3288,306.06
1.3296,223.06
1.3304,221.06
1.3312,258.06
1.332,255.06
1.3328,288.06
1.3336,285.06
1.3344,235.06
1.3352,246.06
1.336,262.06
1.3368,254.06
1.3376,315.06
1.3384,342.06
1.3392,293.06
1.34,274.06
1.3408,232.06
1.3416,149.06
1.3424,87.064
1.3432,120.06
1.344,136.06
1.3448,63.064
1.3456,58.064
1.3464,46.064
1.3472,-10.936
1.348,-33.936
1.3488,24.064
1.3496,154.06
1.3504,190.06
1.3512,225.06
1.352,323.06
1.3528,306.06
1.3536,220.06
1.3544,156.06
1.3552,92.064
1.356,87.064
1.3568,99.064
1.3576,12.064
1.3584,-95.936
1.3592,-190.94
1.36,-355.94
1.3608,-427.94
1.3616,-379.94
1.3624,-402.94
1.3632,-353.94
1.364,-252.94
1.3648,-176.94
1.3656,-75.936
1.3664,-66.936
1.3672,-98.936
1.368,-102.94
1.3688,-95.936
1.3696,-98.936
1.3704,-137.94
1.3712,-155.94
1.372,-123.94
1.3728,-88.936
1.3736,-74.936
1.3744,-75.936
1.3752,-26.936
1.376,24.064
1.3768,-43.936
1.3776,-47.936
1.3784,37.064
1.3792,73.064
1.38,89.064
1.3808,97.064
1.3816,91.064
1.3824,19.064
1.3832,-16.936
1.384,16.064
1.3848,-28.936
1.3856,-80.936
1.3864,-140.94
1.3872,-185.94
1.388,-191.94
1.3888,-270.94
1.3896,-314.94
1.3904,-316.94
1.3912,-414.94
1.392,-521.94
1.3928,-542.94
1.3936,-556.94
1.3944,-514.94
1.3952,-527.94
1.396,-661.94
1.3968,-597.94
1.3976,-458.94
1.3984,-492.94
1.3992,-586.94
1.4,-615.94
1.4008,-541.94
1.4016,-509.94
1.4024,-597.94
1.4032,-593.94
1.404,-541.94
1.4048,-582.94
1.4056,-504.94
1.4064,-384.94
1.4072,-368.94
1.408,-306.94
1.4088,-264.94
1.4096,-320.94
1.4104,-344.94
1.4112,-348.94
1.412,-360.94
1.4128,-323.94
1.4136,-264.94
1.4144,-216.94
1.4152,-237.94
1.416,-246.94
1.4168,-207.94
1.4176,-223.94
1.4184,-214.94
1.4192,-177.94
1.42,-175.94
1.4208,-197.94
1.4216,-174.94
1.4224,-80.936
1.4232,-39.936
1.424,-82.936
1.4248,-160.94
1.4256,-206.94
1.4264,-295.94
1.4272,-407.94
1.428,-391.94
1.4288,-358.94
1.4296,-305.94
1.4304,-235.94
1.4312,-238.94
1.432,-229.94
1.4328,-148.94
1.4336,-12.936
1.4344,28.064
1.4352,-50.936
1.436,-141.94
1.4368,-208.94
1.4376,-232.94
1.4384,-201.94
1.4392,-114.94
1.44,-14.936
1.4408,119.06
1.4416,159.06
1.4424,24.064
1.4432,-48.936
1.444,-54.936
1.4448,-70.936
1.4456,-68.936
1.4464,-56.936
1.4472,-32.936
1.448,-25.936
1.4488,26.064
1.4496,145.06
1.4504,254.06
1.4512,333.06
1.452,416.06
1.4528,472.06
1.4536,383.06
1.4544,261.06
1.4552,264.06
1.456,317.06
1.4568,309.06
1.4576,297.06
1.4584,385.06
1.4592,423.06
1.46,443.06
1.4608,539.06
1.4616,554.06
1.4624,514.06
1.4632,437.06
1.464,339.06
1.4648,345.06
1.4656,348.06
1.4664,326.06
1.4672,354.06
1.468,357.06
1.4688,376.06
1.4696,407.06
1.4704,390.06
1.4712,388.06
1.472,329.06
1.4728,238.06
1.4736,192.06
1.4744,140.06
1.4752,101.06
1.476,8.0642
1.4768,-112.94
1.4776,-169.94
1.4784,-198.94
1.4792,-185.94
1.48,-145.94
1.4808,-139.94
1.4816,-90.936
1.4824,-29.936
1.4832,-62.936
1.484,-61.936
1.4848,-53.936
1.4856,-85.936
1.4864,-95.936
1.4872,-190.94
1.488,-212.94
1.4888,-71.936
1.4896,-29.936
1.4904,3.0642
1.4912,77.064
1.492,91.064
1.4928,150.06
1.4936,173.06
1.4944,174.06
1.4952,169.06
1.496,105.06
1.4968,110.06
1.4976,22.064
1.4984,-62.936
1.4992,54.064
1.5,8.0642
1.5008,-141.94
1.5016,-128.94
1.5024,-129.94
1.5032,-163.94
1.504,-218.94
1.5048,-251.94
1.5056,-169.94
1.5064,-115.94
1.5072,-114.94
1.508,-133.94
1.5088,-158.94
1.5096,-186.94
1.5104,-214.94
1.5112,-234.94
1.512,-269.94
1.5128,-232.94
1.5136,-185.94
1.5144,-190.94
1.5152,-202.94
1.516,-314.94
1.5168,-478.94
1.5176,-574.94
1.5184,-648.94
1.5192,-731.94
1.52,-793.94
1.5208,-846.94
1.5216,-885.94
1.5224,-942.94
1.5232,-992.94
1.524,-975.94
1.5248,-932.94
1.5256,-882.94
1.5264,-823.94
1.5272,-718.94
1.528,-678.94
1.5288,-732.94
1.5296,-732.94
1.5304,-793.94
1.5312,-898.94
1.532,-974.94
1.5328,-1057.9
1.5336,-1135.9
1.5344,-1227.9
1.5352,-1228.9
1.536,-1139.9
1.5368,-1042.9
1.5376,-959.94
1.5384,-901.94
1.5392,-899.94
1.54,-850.94
1.5408,-732.94
1.5416,-629.94
1.5424,-460.94
1.5432,-361.94
1.544,-385.94
1.5448,-397.94
1.5456,-364.94
1.5464,-372.94
1.5472,-399.94
1.548,-292.94
1.5488,-326.94
1.5496,-555.94
1.5504,-671.94
1.5512,-740.94
1.552,-814.94
1.5528,-858.94
1.5536,-838.94
1.5544,-805.94
1.5552,-839.94
1.556,-878.94
1.5568,-933.94
1.5576,-934.94
1.5584,-893.94
1.5592,-866.94
1.56,-836.94
1.5608,-862.94
1.5616,-852.94
1.5624,-767.94
1.5632,-689.94
1.564,-671.94
1.5648,-644.94
1.5656,-575.94
1.5664,-554.94
1.5672,-503.94
1.568,-475.94
1.5688,-561.94
1.5696,-598.94
1.5704,-552.94
1.5712,-536.94
1.572,-608.94
1.5728,-663.94
1.5736,-631.94
1.5744,-560.94
1.5752,-572.94
1.576,-703.94
1.5768,-750.94
1.5776,-732.94
1.5784,-743.94
1.5792,-706.94
1.58,-670.94
1.5808,-686.94
1.5816,-659.94
1.5824,-628.94
1.5832,-680.94
1.584,-712.94
1.5848,-691.94
1.5856,-699.94
1.5864,-733.94
1.5872,-718.94
1.588,-650.94
1.5888,-589.94
1.5896,-526.94
1.5904,-490.94
1.5912,-456.94
1.592,-364.94
1.5928,-294.94
1.5936,-232.94
1.5944,-166.94
1.5952,-177.94
1.596,-203.94
1.5968,-142.94
1.5976,-112.94
1.5984,-141.94
1.5992,-118.94
1.6,-85.936
