-2.013787031173706055e+00,6.361510276794433594e+00,4.278318881988525391e+00,1.220057868957519531e+01,8.295344352722167969e+00,5.020856857299804688e-01,-4.235385417938232422e+00,-1.183100509643554688e+01,-2.901667404174804688e+01,-1.298420047760009766e+01
3.444818496704101562e+01,3.759291458129882812e+01,6.284023666381835938e+01,6.731288146972656250e+01,6.354521942138671875e+01,5.616468811035156250e+01,5.971520233154296875e+01,5.332939910888671875e+01,3.887814331054687500e+01,4.734700012207031250e+01
3.928485107421875000e+01,2.557381248474121094e+01,1.400539016723632812e+01,2.059149551391601562e+01,3.537006080150604248e-01,-1.623704338073730469e+01,-2.588519287109375000e+01,-2.890512466430664062e+01,-2.382149887084960938e+01,-1.867622756958007812e+01
-1.489523315429687500e+02,-1.257851562500000000e+02,-1.042941741943359375e+02,-8.904830932617187500e+01,-5.718564605712890625e+01,-3.774246597290039062e+01,-3.541714859008789062e+01,-4.511362457275390625e+01,-5.849852752685546875e+01,-5.614015197753906250e+01
-1.240926589965820312e+02,-1.114265594482421875e+02,-1.171426925659179688e+02,-1.311753540039062500e+02,-1.366756439208984375e+02,-1.330657806396484375e+02,-1.157132263183593750e+02,-1.061637649536132812e+02,-9.560697937011718750e+01,-8.483142852783203125e+01
8.816271972656250000e+01,7.718151855468750000e+01,6.554343414306640625e+01,6.175949478149414062e+01,5.418378448486328125e+01,3.577666854858398438e+01,3.777380943298339844e+00,-4.224227070808410645e-01,-2.224417686462402344e+00,-9.635301589965820312e+00
-7.624868774414062500e+01,-6.670455932617187500e+01,-4.898900604248046875e+01,-4.490600204467773438e+01,-3.204882431030273438e+01,-1.383147907257080078e+01,-8.186203956604003906e+00,9.453473091125488281e+00,8.011147499084472656e+00,4.684271812438964844e+00
8.492057919502258301e-01,-8.676645278930664062e+00,-5.561244964599609375e+00,-6.349807739257812500e+00,-1.377619552612304688e+01,-2.649255371093750000e+01,-3.965952682495117188e+01,-5.199973297119140625e+01,-7.266711425781250000e+01,-9.285718536376953125e+01
1.061870346069335938e+02,1.175973739624023438e+02,1.084236145019531250e+02,8.156632995605468750e+01,5.415249633789062500e+01,4.025201416015625000e+01,1.321139812469482422e+01,2.903324365615844727e+00,7.848931789398193359e+00,1.559976196289062500e+01
-3.758787918090820312e+01,-5.329922485351562500e+01,-5.260952758789062500e+01,-7.471611785888671875e+01,-9.884391021728515625e+01,-1.046186981201171875e+02,-1.102912368774414062e+02,-1.122373580932617188e+02,-1.055314178466796875e+02,-8.934329223632812500e+01
-2.357332038879394531e+01,-4.495708084106445312e+01,-4.898310089111328125e+01,-6.140414428710937500e+01,-6.669353485107421875e+01,-6.445516967773437500e+01,-6.427306365966796875e+01,-5.424955749511718750e+01,-4.671819686889648438e+01,-1.743925666809082031e+01
1.465498046875000000e+02,1.334334869384765625e+02,1.205891952514648438e+02,1.062866210937500000e+02,8.710693359375000000e+01,7.683215332031250000e+01,5.125118637084960938e+01,3.348132705688476562e+01,3.671870040893554688e+01,4.638437271118164062e+01
1.055343341827392578e+01,1.819771575927734375e+01,2.149472427368164062e+01,4.782558441162109375e+00,-7.935592174530029297e+00,-9.252786636352539062e+00,-1.918372917175292969e+01,-3.194100379943847656e+01,-4.071239089965820312e+01,-3.562197875976562500e+01
-4.884046936035156250e+01,-4.413169479370117188e+01,-2.619142913818359375e+01,-7.117459297180175781e+00,6.225786685943603516e+00,1.507521438598632812e+01,2.348918151855468750e+01,2.805209350585937500e+01,3.059314918518066406e+01,2.041008949279785156e+01
-7.804003906250000000e+01,-7.623707580566406250e+01,-7.774255371093750000e+01,-7.225312805175781250e+01,-7.354045104980468750e+01,-5.269634246826171875e+01,-5.717655563354492188e+01,-7.647315216064453125e+01,-8.997123718261718750e+01,-9.578588104248046875e+01
7.123257446289062500e+01,6.727161407470703125e+01,4.927053070068359375e+01,2.816655731201171875e+01,1.730417060852050781e+01,7.978804111480712891e+00,3.997496604919433594e+00,3.849305152893066406e+00,1.489660859107971191e+00,-9.861042976379394531e+00
7.163749694824218750e+00,-1.923775434494018555e+00,8.602626800537109375e+00,4.484146118164062500e+00,-6.805171489715576172e+00,-1.312842667102813721e-01,3.108067512512207031e+00,-3.586810111999511719e+00,-8.289793014526367188e+00,-1.133481040596961975e-01
8.183533477783203125e+01,6.122158432006835938e+01,6.755321502685546875e+01,8.035159301757812500e+01,7.674501800537109375e+01,6.365356445312500000e+01,4.370287704467773438e+01,4.351963424682617188e+01,4.806437301635742188e+01,4.955449676513671875e+01
-2.315098953247070312e+01,-1.607231712341308594e+01,-2.179159736633300781e+01,-2.829430770874023438e+01,-2.848146629333496094e+01,-2.586214637756347656e+01,-2.067391586303710938e+01,-1.556256008148193359e+01,-1.381828022003173828e+01,-1.403820323944091797e+01
6.848223114013671875e+01,6.654404449462890625e+01,6.560322570800781250e+01,5.937770080566406250e+01,5.117548751831054688e+01,4.997996520996093750e+01,4.203025054931640625e+01,3.848615264892578125e+01,4.460705184936523438e+01,4.358834838867187500e+01
1.688211822509765625e+01,1.836082077026367188e+01,3.245913314819335938e+01,3.727753448486328125e+01,3.430892562866210938e+01,4.778575134277343750e+01,6.410664367675781250e+01,6.611983489990234375e+01,6.658662414550781250e+01,6.873310852050781250e+01
-9.265053558349609375e+01,-9.546276855468750000e+01,-9.896729278564453125e+01,-9.419603729248046875e+01,-8.603604888916015625e+01,-7.728929901123046875e+01,-8.757028198242187500e+01,-8.602050018310546875e+01,-8.424179077148437500e+01,-6.833387756347656250e+01
-8.786849975585937500e+00,-8.329328536987304688e+00,-7.842607498168945312e+00,-1.867549324035644531e+01,-2.679740524291992188e+01,-2.728018569946289062e+01,-2.192917442321777344e+01,-1.411757850646972656e+01,-9.996626853942871094e+00,-1.116011261940002441e+00
-1.943334388732910156e+01,-2.967415618896484375e+01,-3.976371002197265625e+01,-5.305093765258789062e+01,-6.726910400390625000e+01,-6.722006225585937500e+01,-6.244347381591796875e+01,-6.371893310546875000e+01,-5.030477905273437500e+01,-4.060063934326171875e+01
6.676723957061767578e+00,2.949088668823242188e+01,3.941610717773437500e+01,4.155581665039062500e+01,5.037532424926757812e+01,5.280425643920898438e+01,5.327979660034179688e+01,5.284645080566406250e+01,5.683586883544921875e+01,7.493232727050781250e+01
6.258979034423828125e+01,4.785697174072265625e+01,6.930066680908203125e+01,7.938305664062500000e+01,7.076379394531250000e+01,6.805490875244140625e+01,7.004312133789062500e+01,5.685448837280273438e+01,4.377032852172851562e+01,4.193418502807617188e+01
-7.955100536346435547e+00,-5.779067516326904297e+00,6.862570285797119141e+00,1.837294578552246094e+01,1.109806728363037109e+01,1.643022918701171875e+01,2.709062194824218750e+01,2.629857826232910156e+01,2.106513977050781250e+01,1.495303630828857422e+01
4.839153289794921875e+01,4.727134704589843750e+01,4.690304565429687500e+01,2.989698410034179688e+01,2.182293128967285156e+01,1.794265747070312500e+01,2.023433685302734375e+01,1.105686950683593750e+01,1.450945472717285156e+01,1.961798286437988281e+01
1.447710704803466797e+01,5.420797824859619141e+00,-3.635968685150146484e+00,-1.179197025299072266e+01,-1.320161151885986328e+01,-2.653553187847137451e-01,7.175910949707031250e+00,1.645486259460449219e+01,2.861694717407226562e+01,4.217033004760742188e+01
-8.291645812988281250e+01,-7.268434143066406250e+01,-5.137637710571289062e+01,-6.443318939208984375e+01,-8.536711120605468750e+01,-8.247966003417968750e+01,-7.662152099609375000e+01,-7.966300964355468750e+01,-9.138848876953125000e+01,-9.568333435058593750e+01
2.762294387817382812e+01,1.658038902282714844e+01,1.000800013542175293e+00,-1.216084194183349609e+01,-2.612207889556884766e+00,8.140118598937988281e+00,2.635658740997314453e+00,-9.603902816772460938e+00,-2.105115509033203125e+01,-2.586486816406250000e+01
-1.062497558593750000e+02,-8.148602294921875000e+01,-6.613636016845703125e+01,-4.451810073852539062e+01,-2.122582817077636719e+01,-8.361343383789062500e+00,-1.081946563720703125e+01,-2.124052047729492188e+01,-3.059018325805664062e+01,-4.056657409667968750e+01
-5.086837768554687500e+01,-4.382645034790039062e+01,-4.431078720092773438e+01,-4.530449295043945312e+01,-3.822598266601562500e+01,-3.202937698364257812e+01,-3.282927703857421875e+01,-1.313518238067626953e+01,-1.131295680999755859e+01,1.410998153686523438e+01
-6.102424621582031250e+01,-5.884003829956054688e+01,-6.286162948608398438e+01,-6.156963729858398438e+01,-5.865326309204101562e+01,-5.525131607055664062e+01,-5.386883926391601562e+01,-4.634762191772460938e+01,-3.337857437133789062e+01,-5.951964378356933594e+00
1.321676330566406250e+02,1.467478942871093750e+02,1.460343475341796875e+02,1.386282806396484375e+02,1.167697906494140625e+02,1.042219772338867188e+02,8.060644531250000000e+01,5.977007293701171875e+01,5.546195602416992188e+01,6.467124938964843750e+01
-3.859241867065429688e+01,-3.392634963989257812e+01,-2.005225753784179688e+01,-1.884740638732910156e+01,-2.655111694335937500e+01,-2.849439620971679688e+01,-2.547937011718750000e+01,-1.953386116027832031e+01,-1.730339622497558594e+01,3.407473862171173096e-01
1.107845077514648438e+02,9.461917877197265625e+01,8.035598754882812500e+01,6.180295562744140625e+01,4.573504257202148438e+01,3.170083045959472656e+01,7.359036445617675781e+00,9.494605064392089844e-01,3.870014429092407227e+00,-4.693002223968505859e+00
-4.871492767333984375e+01,-4.141235351562500000e+01,-2.673230171203613281e+01,-1.698929977416992188e+01,8.565737724304199219e+00,3.796611785888671875e+01,4.147212600708007812e+01,4.027167129516601562e+01,2.656138610839843750e+01,2.726581001281738281e+01
4.840997314453125000e+01,8.061790466308593750e+01,9.727484130859375000e+01,1.086299057006835938e+02,1.296920776367187500e+02,1.288695831298828125e+02,9.419196319580078125e+01,8.175366210937500000e+01,9.524729919433593750e+01,9.490197753906250000e+01
7.968928527832031250e+01,7.262626647949218750e+01,6.101008605957031250e+01,5.664416885375976562e+01,4.431839370727539062e+01,3.234281539916992188e+01,1.922975730895996094e+01,1.319886398315429688e+01,5.258987426757812500e+00,9.682452678680419922e-01
-2.505246734619140625e+01,-2.553142738342285156e+01,-3.820370483398437500e+01,-5.470777511596679688e+01,-7.719596862792968750e+01,-7.598240661621093750e+01,-9.024768829345703125e+01,-1.210030059814453125e+02,-1.155388565063476562e+02,-1.052244720458984375e+02
-1.549912738800048828e+01,-2.704481506347656250e+01,-3.569116592407226562e+01,-5.064937591552734375e+01,-7.618440246582031250e+01,-8.703489685058593750e+01,-8.915520477294921875e+01,-8.143694305419921875e+01,-5.998725891113281250e+01,-4.869975662231445312e+01
3.518425369262695312e+01,3.364496994018554688e+01,1.974063491821289062e+01,9.185292243957519531e+00,3.146620368957519531e+01,5.186399459838867188e+01,4.934764480590820312e+01,4.682642364501953125e+01,4.614355468750000000e+01,4.667166137695312500e+01
-5.453017425537109375e+01,-4.105142211914062500e+01,-3.614550399780273438e+01,-4.373108291625976562e+01,-2.314337158203125000e+01,9.545435309410095215e-01,9.417926788330078125e+00,1.923694252967834473e+00,-1.262810993194580078e+01,1.674862384796142578e+00
-3.345850753784179688e+01,-3.801161956787109375e+01,-3.191888809204101562e+01,-3.036075782775878906e+01,-3.451600646972656250e+01,-4.147579574584960938e+01,-3.698225021362304688e+01,-3.631422424316406250e+01,-4.055113983154296875e+01,-4.148376083374023438e+01
6.198630142211914062e+01,6.763903045654296875e+01,5.854288101196289062e+01,3.826137924194335938e+01,6.741133213043212891e+00,-2.944582223892211914e+00,9.900612831115722656e+00,1.894695281982421875e+01,3.447378158569335938e+01,4.226974105834960938e+01
1.050031127929687500e+02,1.015287399291992188e+02,1.050809249877929688e+02,8.338686370849609375e+01,7.003284454345703125e+01,7.982048797607421875e+01,7.746104431152343750e+01,6.322039794921875000e+01,6.204014205932617188e+01,5.634943008422851562e+01
3.992428779602050781e+00,5.773623466491699219e+00,4.141718149185180664e-01,-7.429851055145263672e+00,-2.503509712219238281e+01,-3.503353881835937500e+01,-5.080941009521484375e+01,-7.627996826171875000e+01,-7.808164215087890625e+01,-7.537957763671875000e+01
6.313252258300781250e+01,4.886675643920898438e+01,3.095133399963378906e+01,1.992893791198730469e+01,1.488037776947021484e+01,3.182125091552734375e+01,2.315521621704101562e+01,2.666703939437866211e+00,1.309348583221435547e+01,1.466856479644775391e+01
-1.943192291259765625e+01,-1.150300598144531250e+01,-1.058347511291503906e+01,6.544344425201416016e+00,7.758614540100097656e+00,6.697905659675598145e-01,-6.117462635040283203e+00,-2.286074638366699219e+01,-3.757781600952148438e+01,-3.354275512695312500e+01
2.311558341979980469e+01,3.010546684265136719e+01,4.098506164550781250e+01,4.595663833618164062e+01,3.654526138305664062e+01,2.849118041992187500e+01,2.382109451293945312e+01,1.178987979888916016e+01,-3.981599330902099609e+00,-5.650870800018310547e+00
-4.974271392822265625e+01,-2.388959884643554688e+01,-1.097390842437744141e+01,-8.520783424377441406e+00,-6.379562377929687500e+00,1.385025382041931152e+00,1.388484239578247070e+00,-4.958438396453857422e+00,-2.261118698120117188e+01,-2.736997413635253906e+01
5.941422653198242188e+01,6.203596496582031250e+01,5.633431243896484375e+01,4.436343002319335938e+01,4.368612670898437500e+01,6.726714324951171875e+01,7.393511199951171875e+01,7.340780639648437500e+01,8.552862548828125000e+01,9.746206665039062500e+01
-8.823671722412109375e+01,-8.800354766845703125e+01,-8.226779937744140625e+01,-7.980278778076171875e+01,-8.117309570312500000e+01,-7.830226898193359375e+01,-7.940286254882812500e+01,-7.548110198974609375e+01,-7.437137603759765625e+01,-7.496997833251953125e+01
3.209487915039062500e+01,3.252132034301757812e+01,3.283877563476562500e+01,3.041313552856445312e+01,2.740544509887695312e+01,2.995321846008300781e+01,3.760611724853515625e+01,4.296411132812500000e+01,4.667372131347656250e+01,4.153273010253906250e+01
1.886944961547851562e+01,1.125232028961181641e+01,3.328085660934448242e+00,2.819415092468261719e+00,-2.809878110885620117e+00,-1.828965991735458374e-01,1.872149467468261719e+00,9.411170959472656250e+00,5.811745643615722656e+00,5.646581053733825684e-01
1.932667732238769531e+01,1.885770416259765625e+01,1.855516242980957031e+01,8.113635063171386719e+00,-5.854444503784179688e-01,5.625897407531738281e+00,2.237704658508300781e+01,2.593371009826660156e+01,3.632858276367187500e+01,5.221083831787109375e+01
4.571622848510742188e+01,4.543284606933593750e+01,3.081684112548828125e+01,9.217119216918945312e+00,1.908366394042968750e+01,1.956278038024902344e+01,2.361578702926635742e+00,-1.380849933624267578e+01,-2.812619018554687500e+01,-3.330423355102539062e+01
2.639177513122558594e+01,1.737150192260742188e+01,-4.851000785827636719e+00,-1.160484790802001953e+01,6.626872539520263672e+00,1.166411495208740234e+01,1.748298072814941406e+01,4.137984848022460938e+01,5.573309707641601562e+01,4.974693679809570312e+01
-5.032941436767578125e+01,-5.262448883056640625e+01,-3.562443923950195312e+01,-3.160300636291503906e+01,-2.567087173461914062e+01,-2.059974670410156250e+01,-2.457524871826171875e+01,-3.044770240783691406e+01,-2.689716529846191406e+01,-2.480784416198730469e+01
4.773426055908203125e+00,1.034809875488281250e+01,1.752907943725585938e+01,3.076344966888427734e+00,-1.609221649169921875e+01,-2.111487197875976562e+01,-1.716941070556640625e+01,-1.524700736999511719e+01,-1.033449649810791016e+01,-5.054008215665817261e-02
-6.474858856201171875e+01,-6.675382232666015625e+01,-7.182698822021484375e+01,-5.158521652221679688e+01,-2.418129539489746094e+01,1.394073605537414551e+00,3.641289520263671875e+01,5.505809402465820312e+01,5.584437561035156250e+01,5.849530410766601562e+01
-4.036356735229492188e+01,-3.574297714233398438e+01,-2.526651382446289062e+01,-1.730855369567871094e+01,-1.625425338745117188e+01,-1.801989555358886719e+01,-2.299120330810546875e+01,-1.937740707397460938e+01,-1.803400421142578125e+01,-3.772407150268554688e+01
3.480218505859375000e+01,2.695326995849609375e+01,3.117621231079101562e+01,2.705213356018066406e+01,-1.087930679321289062e+01,-2.864862251281738281e+01,-3.630011367797851562e+01,-6.740557861328125000e+01,-7.637998199462890625e+01,-6.008081436157226562e+01
-8.965845489501953125e+01,-9.123146057128906250e+01,-8.631105041503906250e+01,-6.879129028320312500e+01,-5.041209411621093750e+01,-3.033032417297363281e+01,-1.327967262268066406e+01,-3.831033468246459961e+00,-7.702704906463623047e+00,-2.574552059173583984e+00
6.157198333740234375e+01,6.042931365966796875e+01,6.642259216308593750e+01,6.905140686035156250e+01,6.043122482299804688e+01,4.696732330322265625e+01,4.435857772827148438e+01,4.410188674926757812e+01,3.595373535156250000e+01,5.084156036376953125e+01
3.101874351501464844e+01,3.285335159301757812e+01,3.784558105468750000e+01,2.196056747436523438e+01,9.280177116394042969e+00,-1.891702562570571899e-01,2.680273532867431641e+00,3.074906349182128906e+00,-2.918614387512207031e+00,9.042597770690917969e+00
8.485285949707031250e+01,9.419401550292968750e+01,9.807969665527343750e+01,9.246422576904296875e+01,1.185582962036132812e+02,1.327698822021484375e+02,1.203589859008789062e+02,1.132705307006835938e+02,1.043501129150390625e+02,8.309497833251953125e+01
5.028181457519531250e+01,6.176184844970703125e+01,5.799343872070312500e+01,3.229765701293945312e+01,2.597593116760253906e+01,3.206084442138671875e+01,3.545523452758789062e+01,2.547959518432617188e+01,3.413154602050781250e+01,5.440798187255859375e+01
-1.099813537597656250e+02,-9.609236145019531250e+01,-8.855246734619140625e+01,-9.502362823486328125e+01,-8.896640014648437500e+01,-8.183831787109375000e+01,-8.911301422119140625e+01,-1.029399414062500000e+02,-1.038046264648437500e+02,-1.035119781494140625e+02
-1.210588989257812500e+02,-1.251385803222656250e+02,-1.084759292602539062e+02,-1.063856735229492188e+02,-8.819641876220703125e+01,-5.596903610229492188e+01,-2.381759452819824219e+01,-9.764296531677246094e+00,-1.618201446533203125e+01,-2.431417846679687500e+01
-5.046685791015625000e+01,-4.356372833251953125e+01,-4.050392913818359375e+01,-3.792701721191406250e+01,-3.615076446533203125e+01,-3.452692031860351562e+01,-2.895422363281250000e+01,-1.038171005249023438e+01,-4.263248443603515625e+00,-8.655002593994140625e+00
4.405945968627929688e+01,5.474710845947265625e+01,5.086657333374023438e+01,4.540297698974609375e+01,6.742340087890625000e+01,7.721155548095703125e+01,9.390130615234375000e+01,1.045177993774414062e+02,1.006431274414062500e+02,9.957998657226562500e+01
1.307107849121093750e+02,1.253687133789062500e+02,1.036776428222656250e+02,7.401406097412109375e+01,5.600271224975585938e+01,4.228567886352539062e+01,2.736616706848144531e+01,4.744715881347656250e+01,5.009909439086914062e+01,5.380484008789062500e+01
-1.813573837280273438e+01,-1.545480728149414062e+01,-9.021856307983398438e+00,-6.319761276245117188e+00,-1.653921127319335938e+01,-1.944730567932128906e+01,-2.651949310302734375e+01,-3.754909896850585938e+01,-2.705283546447753906e+01,-2.491820526123046875e+01
6.423033714294433594e+00,5.748782157897949219e+00,1.310136127471923828e+01,1.648470687866210938e+01,1.121351146697998047e+01,5.680112361907958984e+00,1.738507896661758423e-01,-2.468986272811889648e+00,-7.685053348541259766e+00,-4.801054954528808594e+00
-1.572415637969970703e+01,-1.697348213195800781e+01,-1.939954566955566406e+01,-1.733078193664550781e+01,-1.187556743621826172e+01,-1.211468124389648438e+01,-1.145679473876953125e+01,-1.809312629699707031e+01,-2.762775230407714844e+01,-3.314246749877929688e+01
-1.263472557067871094e+01,-8.817090988159179688e+00,3.591821432113647461e+00,-1.576769232749938965e+00,-9.210012435913085938e+00,-9.685022354125976562e+00,2.010864734649658203e+00,2.130890274047851562e+01,1.950393867492675781e+01,2.759320449829101562e+01
-1.410077476501464844e+01,-2.386470603942871094e+01,-2.690739440917968750e+01,-1.881365585327148438e+01,-1.390740275382995605e+00,1.276746559143066406e+01,1.562454891204833984e+01,2.210349845886230469e+01,2.292810821533203125e+01,3.363824081420898438e+01
4.317578887939453125e+01,4.619866180419921875e+01,5.283858489990234375e+01,4.561519241333007812e+01,3.594794082641601562e+01,3.429535293579101562e+01,2.887537765502929688e+01,2.658587646484375000e+01,2.488488578796386719e+01,2.338686180114746094e+01
1.568572235107421875e+01,5.359727382659912109e+00,-3.868193864822387695e+00,-6.788509845733642578e+00,-3.304940032958984375e+01,-5.966329956054687500e+01,-6.417048645019531250e+01,-5.694571304321289062e+01,-4.323578643798828125e+01,-2.998845291137695312e+01
5.184784317016601562e+01,5.310039520263671875e+01,4.715401458740234375e+01,4.275626373291015625e+01,4.073635482788085938e+01,4.465919876098632812e+01,4.779361724853515625e+01,5.551823043823242188e+01,5.858852005004882812e+01,5.535482025146484375e+01
-5.144619750976562500e+01,-4.206776809692382812e+01,-4.088973999023437500e+01,-6.402740478515625000e+01,-8.206262969970703125e+01,-8.897602081298828125e+01,-9.598973083496093750e+01,-1.017635116577148438e+02,-9.730438995361328125e+01,-9.508772277832031250e+01
-1.951377105712890625e+01,-3.454949569702148438e+01,-3.738481521606445312e+01,-5.034552001953125000e+01,-5.695769119262695312e+01,-5.031357955932617188e+01,-2.666284561157226562e+01,-2.716676521301269531e+01,-3.538810729980468750e+01,-5.518595504760742188e+01
1.610821380615234375e+02,1.692307586669921875e+02,1.685448150634765625e+02,1.715347595214843750e+02,1.614234924316406250e+02,1.501851043701171875e+02,1.275104446411132812e+02,1.112143096923828125e+02,1.050889282226562500e+02,1.002962722778320312e+02
-4.049599838256835938e+01,-3.908206558227539062e+01,-4.304713439941406250e+01,-4.371175003051757812e+01,-4.803722000122070312e+01,-3.927131652832031250e+01,-3.361184692382812500e+01,-3.516309356689453125e+01,-3.366613388061523438e+01,-2.870546531677246094e+01
5.453898620605468750e+01,3.363359451293945312e+01,2.333456420898437500e+01,1.999405479431152344e+01,1.379345607757568359e+01,1.680520439147949219e+01,2.311599349975585938e+01,2.476373291015625000e+01,2.556692123413085938e+01,1.517161750793457031e+01
4.939136505126953125e+00,-1.929007649421691895e+00,-3.790324211120605469e+00,-1.111923694610595703e+01,-8.812654495239257812e+00,2.548463344573974609e+00,1.265674781799316406e+01,1.359088802337646484e+01,1.248136997222900391e+01,7.871923923492431641e+00
-2.168317604064941406e+01,-2.530805778503417969e+01,-2.029967117309570312e+01,-1.902797508239746094e+01,-3.019196319580078125e+01,-2.362307739257812500e+01,-2.232652473449707031e+01,-3.460608673095703125e+01,-4.034359741210937500e+01,-3.751528167724609375e+01
4.272142410278320312e+01,3.632933425903320312e+01,3.850205230712890625e+01,4.541630935668945312e+01,3.900079345703125000e+01,1.848576164245605469e+01,-2.694262564182281494e-01,-7.090782642364501953e+00,-1.332130622863769531e+01,-3.210882186889648438e+01
9.629290771484375000e+01,9.408300018310546875e+01,7.381881713867187500e+01,5.495797729492187500e+01,6.123052597045898438e+01,5.190859985351562500e+01,3.415656661987304688e+01,4.463772201538085938e+01,4.431637191772460938e+01,5.201152420043945312e+01
-2.964458703994750977e+00,-1.110435771942138672e+01,6.940917491912841797e+00,9.754857063293457031e+00,3.599625110626220703e+00,3.612456798553466797e+00,-2.500381946563720703e+00,-1.384934520721435547e+01,-2.037198829650878906e+01,-1.827711296081542969e+01
-8.678567504882812500e+01,-8.457292175292968750e+01,-8.500744628906250000e+01,-7.116631317138671875e+01,-4.852688598632812500e+01,-2.342727470397949219e+01,-8.769397735595703125e+00,-1.083991813659667969e+01,-2.827294158935546875e+01,-4.350729751586914062e+01
-1.191358375549316406e+01,-1.973031401634216309e+00,-2.070793533325195312e+01,-4.329103851318359375e+01,-5.028293991088867188e+01,-7.035164642333984375e+01,-8.371948242187500000e+01,-7.087590789794921875e+01,-5.610961532592773438e+01,-4.683531570434570312e+01
-9.540111541748046875e+01,-9.948242187500000000e+01,-9.723041534423828125e+01,-1.021283721923828125e+02,-1.088523101806640625e+02,-9.495665740966796875e+01,-7.887469482421875000e+01,-7.166036987304687500e+01,-7.020571899414062500e+01,-7.420636749267578125e+01
-1.331011772155761719e+01,-1.021070003509521484e+00,-3.585484743118286133e+00,-7.924857139587402344e+00,-1.427670955657958984e+01,-1.586025714874267578e+01,-1.771741867065429688e+01,-8.744108200073242188e+00,-1.443625259399414062e+01,-2.901325798034667969e+01
-4.687948989868164062e+01,-4.044849777221679688e+01,-3.550574493408203125e+01,-2.699430847167968750e+01,-1.545464134216308594e+01,-1.054245471954345703e+01,-3.007731914520263672e+00,6.001430988311767578e+00,2.602042436599731445e+00,-5.332034587860107422e+00
-1.917282295227050781e+01,-9.248310089111328125e+00,-3.714287042617797852e+00,1.098486185073852539e+00,1.047946548461914062e+01,1.674601745605468750e+01,4.423192501068115234e+00,1.576506137847900391e+00,-3.077907562255859375e+00,-9.016105651855468750e+00
-7.136934661865234375e+01,-8.258671569824218750e+01,-9.672207641601562500e+01,-9.424586486816406250e+01,-8.662014007568359375e+01,-6.996308898925781250e+01,-5.963197326660156250e+01,-5.198231506347656250e+01,-6.303318405151367188e+01,-7.528134155273437500e+01
2.848438453674316406e+01,1.887662696838378906e+01,2.185156059265136719e+01,1.394466304779052734e+01,-1.238716959953308105e+00,-9.849631309509277344e+00,-5.370760440826416016e+00,-1.325012874603271484e+01,-1.079600811004638672e+01,-6.515856266021728516e+00
-3.151759338378906250e+01,-7.949162960052490234e+00,1.614265823364257812e+01,1.784944725036621094e+01,2.886801910400390625e+01,2.869169998168945312e+01,1.114171314239501953e+01,-1.164880371093750000e+01,-3.055857658386230469e+01,-4.121545028686523438e+01
-3.720161437988281250e+01,-4.501876831054687500e+01,-3.967525100708007812e+01,-2.007295799255371094e+01,-1.758774566650390625e+01,-1.491754817962646484e+01,-1.864366340637207031e+01,-1.235160732269287109e+01,4.137993812561035156e+00,-2.635504722595214844e+00
-5.917574882507324219e+00,-1.200811672210693359e+01,-6.672657966613769531e+00,3.651410579681396484e+00,1.778499031066894531e+01,3.869406509399414062e+01,5.944099426269531250e+01,8.205008697509765625e+01,9.123822021484375000e+01,9.351895141601562500e+01
1.497270965576171875e+02,1.651877441406250000e+02,1.675582580566406250e+02,1.585709381103515625e+02,1.173441162109375000e+02,9.185684967041015625e+01,9.861086273193359375e+01,9.081607818603515625e+01,9.782337951660156250e+01,1.082030334472656250e+02
-3.653961181640625000e+01,-3.641997146606445312e+01,-3.122930908203125000e+01,-2.884967994689941406e+01,-2.481074905395507812e+01,-1.060754489898681641e+01,1.132118105888366699e+00,1.231967163085937500e+01,1.710250091552734375e+01,2.963765907287597656e+01
-3.830031967163085938e+01,-3.669821166992187500e+01,-2.809279441833496094e+01,-2.155484580993652344e+01,-2.424200630187988281e+01,-3.181214332580566406e+01,-4.855382919311523438e+01,-5.797877883911132812e+01,-5.911690902709960938e+01,-6.058446884155273438e+01
9.282539367675781250e+00,9.977996826171875000e+00,1.827284431457519531e+01,2.475808906555175781e+01,2.678457260131835938e+01,2.440583229064941406e+01,2.892614555358886719e+01,6.565587997436523438e+00,1.211927700042724609e+01,4.784086608886718750e+01
-7.846664428710937500e+01,-8.136648559570312500e+01,-8.095942687988281250e+01,-7.016810607910156250e+01,-5.472522735595703125e+01,-5.559495544433593750e+01,-5.283007431030273438e+01,-4.052693557739257812e+01,-3.591714859008789062e+01,-2.998927688598632812e+01
1.330118560791015625e+02,1.092389450073242188e+02,9.755741882324218750e+01,5.911488723754882812e+01,8.002573394775390625e+01,9.703617095947265625e+01,1.068812026977539062e+02,1.200971755981445312e+02,1.374772491455078125e+02,1.459966888427734375e+02
1.390388336181640625e+02,1.431853332519531250e+02,1.450132141113281250e+02,1.511699981689453125e+02,1.335224914550781250e+02,1.251331558227539062e+02,1.123237686157226562e+02,1.016683120727539062e+02,9.883920288085937500e+01,8.348564147949218750e+01
-1.286651611328125000e+01,-8.503721237182617188e+00,-2.619505167007446289e+00,1.937652015686035156e+01,2.216796684265136719e+01,2.873355865478515625e+01,5.851384353637695312e+01,7.218266296386718750e+01,8.469065856933593750e+01,8.463729095458984375e+01
-2.337057304382324219e+01,2.871849250793457031e+01,3.837510299682617188e+01,1.516062068939208984e+01,2.975073814392089844e+00,-2.781497192382812500e+01,-2.685363769531250000e+01,-4.286784648895263672e+00,-7.842844486236572266e+00,-1.641879653930664062e+01
2.289673042297363281e+01,1.564058780670166016e+01,1.338918566703796387e+00,-1.387091064453125000e+01,-8.981573104858398438e+00,1.650777244567871094e+01,3.230221557617187500e+01,3.526251220703125000e+01,4.756758117675781250e+01,3.026763153076171875e+01
-1.302506923675537109e+01,-5.953460216522216797e+00,8.768139839172363281e+00,1.622040271759033203e+00,-7.628642082214355469e+00,-7.584973335266113281e+00,6.464260816574096680e-01,-3.459390163421630859e+00,4.843250751495361328e+00,2.442014312744140625e+01
-6.350513076782226562e+01,-6.205285644531250000e+01,-5.907249832153320312e+01,-5.209450531005859375e+01,-4.017951965332031250e+01,-2.164737129211425781e+01,-1.156678199768066406e+01,-1.153485679626464844e+01,-2.221438598632812500e+01,-3.481845092773437500e+01
9.694094085693359375e+01,8.751715850830078125e+01,7.011127471923828125e+01,6.507481384277343750e+01,6.678395080566406250e+01,8.641751861572265625e+01,1.050165100097656250e+02,1.054478378295898438e+02,1.077749404907226562e+02,1.030319671630859375e+02
-2.173377990722656250e+01,-3.118804359436035156e+01,-2.698053359985351562e+01,-2.054703712463378906e+01,-2.939504051208496094e+01,-4.022206497192382812e+01,-4.392270660400390625e+01,-3.110739135742187500e+01,-2.077244377136230469e+01,-1.637079048156738281e+01
-1.318642902374267578e+01,-1.129076766967773438e+01,-2.813800811767578125e+01,-3.605268478393554688e+01,-2.479679679870605469e+01,-5.159666442871093750e+01,-7.130992126464843750e+01,-5.401985168457031250e+01,-4.446649551391601562e+01,-5.421765899658203125e+01
8.016651153564453125e+01,8.313970947265625000e+01,8.459926605224609375e+01,7.674643707275390625e+01,5.757994079589843750e+01,3.750084304809570312e+01,1.693230438232421875e+01,1.164039516448974609e+01,1.546580410003662109e+01,1.849805068969726562e+01
-6.701583862304687500e+01,-4.489690017700195312e+01,-3.282799530029296875e+01,-2.315143585205078125e+01,8.550461769104003906e+00,2.501749420166015625e+01,2.742027091979980469e+01,3.506849670410156250e+01,2.934350585937500000e+01,4.276128005981445312e+01
2.116230583190917969e+01,2.258828926086425781e+01,8.213104248046875000e+00,-9.825674057006835938e+00,5.826024532318115234e+00,5.623376369476318359e+00,-2.129046618938446045e-01,5.203753709793090820e-01,3.199252367019653320e+00,-2.598132371902465820e+00
-1.452868957519531250e+02,-1.309140930175781250e+02,-1.107421951293945312e+02,-1.195882568359375000e+02,-1.359942016601562500e+02,-1.265245361328125000e+02,-1.215020065307617188e+02,-1.405184783935546875e+02,-1.630212097167968750e+02,-1.557432098388671875e+02
2.872973680496215820e+00,-1.545216655731201172e+01,-1.642211151123046875e+01,-2.028486633300781250e+01,-2.442539405822753906e+01,-1.206472396850585938e+01,1.116529941558837891e+01,2.574053573608398438e+01,3.126712226867675781e+01,4.582952499389648438e+01
6.720321655273437500e+01,6.485944366455078125e+01,5.033506011962890625e+01,3.114821624755859375e+01,3.108642578125000000e+01,6.117616271972656250e+01,7.580989837646484375e+01,7.012683105468750000e+01,7.823530578613281250e+01,7.340773010253906250e+01
6.679098510742187500e+01,6.867666625976562500e+01,6.074540710449218750e+01,5.068848037719726562e+01,5.395055007934570312e+01,4.889510726928710938e+01,4.466440200805664062e+01,4.209540176391601562e+01,3.353809356689453125e+01,3.587109375000000000e+01
-5.045145511627197266e+00,-1.971993064880371094e+01,-1.730714225769042969e+01,-1.792830276489257812e+01,-1.709611320495605469e+01,-2.626803588867187500e+01,-2.947778129577636719e+01,-3.265217208862304688e+01,-4.104981231689453125e+01,-3.390013504028320312e+01
-3.815352630615234375e+01,-2.395865821838378906e+01,-5.973596096038818359e+00,-6.190903782844543457e-01,1.544465541839599609e+01,3.328924942016601562e+01,3.868878173828125000e+01,4.908757781982421875e+01,5.732011413574218750e+01,6.611315155029296875e+01
6.267108535766601562e+01,4.407809448242187500e+01,2.917356491088867188e+01,1.933124351501464844e+01,1.490856647491455078e+01,1.861743354797363281e+01,1.551864624023437500e+01,1.659450531005859375e+01,2.504697418212890625e+01,2.746471023559570312e+01
-2.821295166015625000e+01,-3.061170387268066406e+01,-3.486806106567382812e+01,-3.685834121704101562e+01,-3.204211807250976562e+01,-2.007207298278808594e+01,-1.551679515838623047e+01,-2.153697776794433594e+01,-2.948117637634277344e+01,-3.145366096496582031e+01
9.939203643798828125e+01,8.841728210449218750e+01,8.585766601562500000e+01,7.682110595703125000e+01,6.073300170898437500e+01,5.752920913696289062e+01,4.703248596191406250e+01,4.851839828491210938e+01,4.392105865478515625e+01,6.147219848632812500e+01
6.477420806884765625e+01,7.178446960449218750e+01,6.909712982177734375e+01,4.314944458007812500e+01,2.242001533508300781e+01,1.619049453735351562e+01,2.024906349182128906e+01,2.148911476135253906e+01,1.454532051086425781e+01,-8.347627639770507812e+00
5.229592514038085938e+01,4.987591171264648438e+01,3.747917556762695312e+01,1.087597465515136719e+01,-7.027535438537597656e+00,-6.643628120422363281e+00,9.096366882324218750e+00,2.048168373107910156e+01,3.895198059082031250e+01,3.990105438232421875e+01
1.130852813720703125e+02,8.584983062744140625e+01,5.225407791137695312e+01,3.255572509765625000e+01,1.699231910705566406e+01,3.107369041442871094e+01,5.266738510131835938e+01,4.909321975708007812e+01,5.510409927368164062e+01,6.113118743896484375e+01
-4.904679870605468750e+01,-4.880630874633789062e+01,-4.466135406494140625e+01,-4.392446517944335938e+01,-4.404700851440429688e+01,-3.489266204833984375e+01,-2.347176742553710938e+01,-2.208327484130859375e+01,-1.720119285583496094e+01,-1.579276466369628906e+01
-2.570970916748046875e+01,-8.598355293273925781e+00,-9.987399101257324219e+00,-2.588740348815917969e+01,-3.498730087280273438e+01,-4.713907623291015625e+01,-5.567970657348632812e+01,-5.638248825073242188e+01,-6.174451828002929688e+01,-7.091389465332031250e+01
2.270968627929687500e+01,1.885375595092773438e+01,1.320741367340087891e+01,4.182687282562255859e+00,-1.194626998901367188e+01,-2.282884788513183594e+01,-2.743265724182128906e+01,-3.467932128906250000e+01,-3.071323966979980469e+01,-1.908723258972167969e+01
-3.134119606018066406e+01,-3.216731643676757812e+01,-3.465995407104492188e+01,-2.927685737609863281e+01,-1.836737442016601562e+01,1.899898052215576172e-01,4.159268856048583984e+00,3.271152257919311523e+00,3.849547863006591797e+00,1.926409530639648438e+01
-1.146260356903076172e+01,-3.822163772583007812e+01,-3.517583084106445312e+01,-3.833018112182617188e+01,-6.557761383056640625e+01,-9.973250579833984375e+01,-1.257310791015625000e+02,-1.205061187744140625e+02,-9.749592590332031250e+01,-7.305033111572265625e+01
1.219444580078125000e+02,1.250990982055664062e+02,1.299201812744140625e+02,1.282678833007812500e+02,1.349493103027343750e+02,1.310109405517578125e+02,1.259409484863281250e+02,1.197055816650390625e+02,1.105183715820312500e+02,1.279786224365234375e+02
-1.564941501617431641e+01,-1.460531806945800781e+01,-3.017955780029296875e+00,-3.467250823974609375e+01,-3.950070190429687500e+01,-4.195525360107421875e+01,-3.444993209838867188e+01,-3.306737518310546875e+01,-4.846336746215820312e+01,-4.736607360839843750e+01
7.922076702117919922e+00,1.582503414154052734e+01,5.760981559753417969e+00,-8.199632644653320312e+00,-9.756591796875000000e+00,-1.642807006835937500e+01,-2.423499488830566406e+01,-2.784038352966308594e+01,-4.183747100830078125e+01,-5.286380386352539062e+01
1.320778198242187500e+02,1.260183639526367188e+02,9.440144348144531250e+01,5.921436691284179688e+01,5.761045837402343750e+01,5.738338470458984375e+01,4.973919296264648438e+01,5.975301742553710938e+01,4.598082351684570312e+01,5.835453796386718750e+01
-1.121301116943359375e+02,-1.154354858398437500e+02,-9.963142395019531250e+01,-9.618370056152343750e+01,-8.928179168701171875e+01,-6.966680145263671875e+01,-6.085268783569335938e+01,-5.194024276733398438e+01,-4.753583908081054688e+01,-4.172343444824218750e+01
7.577629852294921875e+01,6.128315353393554688e+01,6.047180175781250000e+01,6.503141784667968750e+01,6.847023773193359375e+01,5.629458618164062500e+01,5.201635360717773438e+01,5.960394287109375000e+01,6.491159057617187500e+01,7.551825714111328125e+01
-9.648793792724609375e+01,-1.044375839233398438e+02,-9.342013549804687500e+01,-7.242742919921875000e+01,-5.129444122314453125e+01,-3.466900253295898438e+01,-1.944777488708496094e+01,-7.257363319396972656e+00,-1.121411514282226562e+01,-9.742575645446777344e+00
1.763979911804199219e+01,-3.181651353836059570e+00,-2.268908119201660156e+01,-3.122752952575683594e+01,-3.308992385864257812e+01,-2.819134140014648438e+01,-2.509264755249023438e+01,-2.438490295410156250e+01,-8.475846290588378906e+00,-9.880154609680175781e+00
-1.436177062988281250e+01,-4.317880570888519287e-01,2.099299669265747070e+00,5.403946399688720703e+00,2.106471061706542969e+01,3.763088226318359375e+01,3.782938003540039062e+01,3.178077697753906250e+01,9.373371124267578125e+00,5.605399131774902344e+00
5.640875625610351562e+01,5.108485794067382812e+01,4.548149490356445312e+01,3.876094436645507812e+01,3.053766250610351562e+01,3.909721755981445312e+01,4.952096557617187500e+01,5.341561508178710938e+01,4.556263732910156250e+01,4.442440795898437500e+01
4.333974838256835938e+01,4.933803176879882812e+01,4.410911178588867188e+01,2.880602645874023438e+01,1.543388175964355469e+01,-8.096604347229003906e+00,-2.786842155456542969e+01,-2.259376144409179688e+01,-1.663247704505920410e+00,1.308665275573730469e+01
9.047808647155761719e+00,2.209890556335449219e+01,3.253411865234375000e+01,3.015221977233886719e+01,2.880400085449218750e+01,1.449022579193115234e+01,-2.949743509292602539e+00,-2.011053848266601562e+01,-4.563519287109375000e+01,-3.647472381591796875e+01
1.074698257446289062e+02,1.187039108276367188e+02,9.835266876220703125e+01,7.297830200195312500e+01,6.282881546020507812e+01,5.932788467407226562e+01,5.136931228637695312e+01,5.131990051269531250e+01,6.321625137329101562e+01,6.860987091064453125e+01
-9.328012466430664062e+00,-7.923244476318359375e+00,-1.695656013488769531e+01,-2.473269081115722656e+01,-2.784995079040527344e+01,-1.228515338897705078e+01,-2.340648651123046875e+00,1.181545925140380859e+01,1.599539756774902344e+01,1.648355674743652344e+01
-9.035411834716796875e+01,-6.992149353027343750e+01,-5.991594696044921875e+01,-5.354487228393554688e+01,-4.274655532836914062e+01,-3.471421051025390625e+01,-2.915644264221191406e+01,-2.847493743896484375e+01,-2.724101829528808594e+01,-2.023109626770019531e+01
1.640637040138244629e+00,5.549034118652343750e+00,2.579319763183593750e+01,2.955443191528320312e+01,1.973554039001464844e+01,1.582882595062255859e+01,2.850228691101074219e+01,2.724953842163085938e+01,2.287198638916015625e+01,2.698576736450195312e+01
-8.140882110595703125e+01,-6.099752426147460938e+01,-5.331387710571289062e+01,-2.170673179626464844e+01,-2.741072082519531250e+01,-4.367441177368164062e+01,-3.945318603515625000e+01,-5.964778518676757812e+01,-7.753515625000000000e+01,-7.286505889892578125e+01
-1.194582819938659668e+00,-4.387871265411376953e+00,-4.311549186706542969e+00,-1.084810256958007812e+01,-1.648616600036621094e+01,-1.208580589294433594e+01,-1.249940299987792969e+01,-1.749912071228027344e+01,-1.347703838348388672e+01,-1.603846549987792969e+01
-2.286291313171386719e+01,6.168514490127563477e-01,1.694735908508300781e+01,2.302169799804687500e+01,2.775702857971191406e+01,3.201573562622070312e+01,3.812525939941406250e+01,3.914735794067382812e+01,2.160037803649902344e+01,3.994221448898315430e+00
2.949429988861083984e+00,-1.913496971130371094e+01,-3.011824798583984375e+01,-2.565593147277832031e+01,-2.621862411499023438e+01,-1.961464500427246094e+01,-1.059411334991455078e+01,-4.568411350250244141e+00,-3.987250089645385742e+00,1.706963539123535156e+00
2.475001525878906250e+01,2.863434219360351562e+01,1.894159126281738281e+01,-4.414600372314453125e+00,1.091446113586425781e+01,2.007838058471679688e+01,2.077296638488769531e+01,2.080981063842773438e+01,2.350687026977539062e+01,2.345021438598632812e+01
1.433520889282226562e+01,-8.422755241394042969e+00,-1.221053600311279297e+01,-4.325282871723175049e-01,1.862678146362304688e+01,3.318748474121093750e+01,4.669238662719726562e+01,6.460604095458984375e+01,6.536431121826171875e+01,6.334486770629882812e+01
2.098106193542480469e+01,2.224306344985961914e+00,-6.352036476135253906e+00,-1.862664794921875000e+01,-2.050908470153808594e+01,-1.651239585876464844e+01,-1.443332481384277344e+01,-1.443269538879394531e+01,-2.236405944824218750e+01,-1.641488265991210938e+01
-5.079415798187255859e+00,2.332384490966796875e+01,2.378260993957519531e+01,4.416729354858398438e+01,5.294848632812500000e+01,4.710215377807617188e+01,1.393488788604736328e+01,-8.689473152160644531e+00,-4.255543231964111328e+00,-6.728314399719238281e+00
3.819414901733398438e+01,7.255770874023437500e+01,7.530075836181640625e+01,6.160634231567382812e+01,6.824738311767578125e+01,5.247751235961914062e+01,4.304917144775390625e+01,3.688444137573242188e+01,3.784788894653320312e+01,4.343672561645507812e+01
-5.602408218383789062e+01,-7.917030334472656250e+01,-7.263568878173828125e+01,-6.483369445800781250e+01,-8.574499511718750000e+01,-8.636951446533203125e+01,-7.885273742675781250e+01,-6.489605712890625000e+01,-3.147859573364257812e+01,8.608648777008056641e-01
-6.037498855590820312e+01,-7.970879364013671875e+01,-7.108609771728515625e+01,-4.931325912475585938e+01,-2.762099647521972656e+01,7.524602890014648438e+00,4.150449752807617188e+01,6.712675476074218750e+01,7.988982391357421875e+01,7.189333343505859375e+01
2.601288986206054688e+01,3.295045089721679688e+01,4.733688735961914062e+01,6.313144302368164062e+01,4.237928390502929688e+01,4.166408157348632812e+01,5.693935012817382812e+01,5.240546798706054688e+01,3.439572906494140625e+01,1.704221534729003906e+01
9.347377777099609375e+00,8.024787902832031250e+00,2.899541378021240234e+00,-2.728082895278930664e+00,1.262492752075195312e+01,3.591813659667968750e+01,4.542498779296875000e+01,4.044304275512695312e+01,3.295211410522460938e+01,3.333197021484375000e+01
-5.291616058349609375e+01,-5.161864471435546875e+01,-5.055026626586914062e+01,-4.426249313354492188e+01,-3.513398361206054688e+01,-3.447525024414062500e+01,-3.759304809570312500e+01,-3.553837585449218750e+01,-3.154802894592285156e+01,-3.559114456176757812e+01
-3.103881454467773438e+01,-3.030878257751464844e+01,-1.100281429290771484e+01,-1.549754142761230469e+01,-3.363927459716796875e+01,-4.017734909057617188e+01,-2.506364822387695312e+01,-2.033124542236328125e+01,-2.454546928405761719e+01,-1.220336246490478516e+01
2.852173423767089844e+01,1.737802124023437500e+01,2.423970985412597656e+01,2.638606452941894531e+01,1.980444145202636719e+01,2.738252449035644531e+01,3.992684555053710938e+01,5.013790512084960938e+01,4.517920684814453125e+01,5.608344268798828125e+01
8.124544525146484375e+01,9.992673492431640625e+01,8.437920379638671875e+01,5.394739913940429688e+01,1.522462940216064453e+01,-3.741324901580810547e+00,-1.541654944419860840e+00,-3.727613925933837891e+00,-1.050128936767578125e+01,-2.055470275878906250e+01
4.297378540039062500e+01,4.286849212646484375e+01,5.211569976806640625e+01,5.495035934448242188e+01,3.081680107116699219e+01,1.400626659393310547e+01,-5.460040569305419922e+00,-4.320117950439453125e+01,-6.582551574707031250e+01,-8.181732940673828125e+01
-2.739013671875000000e+01,-1.654923820495605469e+01,-1.083719253540039062e+01,-2.100015258789062500e+01,-3.177493476867675781e+01,-2.979542350769042969e+01,-2.137282562255859375e+01,-2.399160003662109375e+01,-3.549102783203125000e+01,-3.906475067138671875e+01
-4.283618927001953125e+01,-3.768064117431640625e+01,-3.705545425415039062e+01,-4.388421630859375000e+01,-5.101248550415039062e+01,-5.195029449462890625e+01,-5.043248748779296875e+01,-5.452937316894531250e+01,-5.392074203491210938e+01,-4.422105407714843750e+01
1.285501480102539062e+01,-1.494165229797363281e+01,-4.015062713623046875e+01,-6.729980468750000000e+01,-9.196360778808593750e+01,-9.494305419921875000e+01,-8.367605590820312500e+01,-8.133631896972656250e+01,-1.020584411621093750e+02,-9.335485076904296875e+01
6.694165802001953125e+01,5.191571044921875000e+01,4.082186126708984375e+01,3.186126708984375000e+01,2.528259468078613281e+01,2.627829170227050781e+01,2.872875976562500000e+01,2.633662033081054688e+01,2.974509620666503906e+01,2.689214134216308594e+01
-1.029306983947753906e+01,-1.140571498870849609e+01,-1.636655926704406738e+00,-6.911718845367431641e+00,-1.338403224945068359e+01,-1.136351680755615234e+01,-1.465147209167480469e+01,-2.752493095397949219e+01,-3.075147056579589844e+01,-2.525004577636718750e+01
7.668720245361328125e+01,7.993592834472656250e+01,7.870515441894531250e+01,7.347332000732421875e+01,6.429360961914062500e+01,6.293703460693359375e+01,7.052885437011718750e+01,8.319099426269531250e+01,9.395918273925781250e+01,9.280612945556640625e+01
-1.249014892578125000e+02,-1.349697723388671875e+02,-1.166870574951171875e+02,-1.112932815551757812e+02,-9.420525360107421875e+01,-5.532772445678710938e+01,-3.475538253784179688e+01,-3.162788963317871094e+01,-3.328715133666992188e+01,-3.830769729614257812e+01
9.179483795166015625e+01,1.003983459472656250e+02,9.158813476562500000e+01,7.266684722900390625e+01,6.438659667968750000e+01,6.167594528198242188e+01,5.663130569458007812e+01,4.494781112670898438e+01,3.943360137939453125e+01,3.261050415039062500e+01
5.797429275512695312e+01,6.422189331054687500e+01,6.625035095214843750e+01,4.801982498168945312e+01,2.751581382751464844e+01,2.075547790527343750e+01,4.055417251586914062e+01,4.489190673828125000e+01,4.362041473388671875e+01,5.105269241333007812e+01
8.524481654167175293e-01,-5.562220573425292969e+00,-2.917592239379882812e+01,-3.479179763793945312e+01,-4.911648941040039062e+01,-5.508453750610351562e+01,-5.003334426879882812e+01,-4.852542877197265625e+01,-5.297485351562500000e+01,-5.166431808471679688e+01
-8.033182525634765625e+01,-6.686781311035156250e+01,-6.220214080810546875e+01,-6.574300384521484375e+01,-6.337765884399414062e+01,-7.188871765136718750e+01,-8.231727600097656250e+01,-8.668554687500000000e+01,-8.068893432617187500e+01,-8.708538055419921875e+01
-4.000441741943359375e+01,-2.676647758483886719e+01,-2.396937179565429688e+01,-2.307588577270507812e+01,-1.530575561523437500e+01,-2.113021373748779297e+00,-3.462511777877807617e+00,-2.342176437377929688e+00,4.689022064208984375e+00,1.029149818420410156e+01
-1.021753787994384766e+01,-8.867503404617309570e-01,4.563636302947998047e+00,1.664778137207031250e+01,3.605312347412109375e+01,4.135536575317382812e+01,4.295143890380859375e+01,4.610093688964843750e+01,3.851051330566406250e+01,2.855303001403808594e+01
-7.637935638427734375e+01,-7.309764099121093750e+01,-6.684513092041015625e+01,-7.012503814697265625e+01,-7.181172943115234375e+01,-7.066104888916015625e+01,-5.628647994995117188e+01,-5.010980987548828125e+01,-4.535843658447265625e+01,-4.203102874755859375e+01
-7.161809444427490234e+00,1.734739899635314941e+00,6.898915767669677734e+00,1.563116455078125000e+01,2.577107810974121094e+01,2.597488784790039062e+01,1.600282859802246094e+01,2.730524539947509766e+00,-1.526088333129882812e+01,-2.887630462646484375e+01
-3.830267715454101562e+01,-2.527125167846679688e+01,-2.431493568420410156e+01,-2.498936080932617188e+01,-1.145276927947998047e+01,2.273782491683959961e+00,-6.491147994995117188e+00,-1.291366100311279297e+01,-2.308137130737304688e+01,-3.266589736938476562e+01
-4.217876815795898438e+01,-2.063753318786621094e+01,-2.429210662841796875e+01,-3.817068099975585938e+01,-5.904010391235351562e+01,-7.496817016601562500e+01,-8.785421752929687500e+01,-8.540805816650390625e+01,-9.157752990722656250e+01,-1.097778472900390625e+02
-5.783942031860351562e+01,-6.995265960693359375e+01,-7.320227813720703125e+01,-7.274874877929687500e+01,-8.065377807617187500e+01,-6.560960388183593750e+01,-6.398253631591796875e+01,-7.497719573974609375e+01,-8.850021362304687500e+01,-9.859131622314453125e+01
6.005272293090820312e+01,4.139500045776367188e+01,4.554971313476562500e+01,4.354007720947265625e+01,2.532383537292480469e+01,3.989079284667968750e+01,4.751628494262695312e+01,4.008239746093750000e+01,4.825835800170898438e+01,5.246926879882812500e+01
-1.081813964843750000e+02,-1.116550369262695312e+02,-1.064161911010742188e+02,-1.001199188232421875e+02,-9.538039398193359375e+01,-8.809476470947265625e+01,-8.160904693603515625e+01,-8.103458404541015625e+01,-6.967549896240234375e+01,-4.460988616943359375e+01
8.170325469970703125e+01,7.222644805908203125e+01,5.602915191650390625e+01,4.898686218261718750e+01,6.326746749877929688e+01,6.228281021118164062e+01,6.191720962524414062e+01,8.176572418212890625e+01,1.005580596923828125e+02,1.140054092407226562e+02
7.192829895019531250e+01,6.945734405517578125e+01,6.618607330322265625e+01,7.479516601562500000e+01,8.332785034179687500e+01,7.909603881835937500e+01,6.540461730957031250e+01,4.219122314453125000e+01,1.201913356781005859e+01,-3.255208969116210938e+00
5.104686737060546875e+01,6.085012817382812500e+01,6.388177871704101562e+01,5.403173828125000000e+01,5.676395797729492188e+01,5.680423355102539062e+01,5.638361358642578125e+01,6.505748748779296875e+01,5.100697326660156250e+01,4.709729385375976562e+01
-7.050005340576171875e+01,-5.719550323486328125e+01,-4.901320648193359375e+01,-3.956056976318359375e+01,-3.438096237182617188e+01,-2.886489295959472656e+01,-1.678561592102050781e+01,-1.785381889343261719e+01,-2.544034194946289062e+01,-2.157593536376953125e+01
-2.671434211730957031e+01,-3.029880905151367188e+01,-7.887256145477294922e-01,2.871215820312500000e+01,2.199446296691894531e+01,4.238021850585937500e+00,-8.549036026000976562e+00,-1.819638061523437500e+01,-3.019279861450195312e+01,-2.549677848815917969e+01
2.179282569885253906e+01,1.982449150085449219e+01,1.804398536682128906e+01,2.307547569274902344e+01,3.116107177734375000e+01,1.243304252624511719e+01,-2.360311985015869141e+00,8.999572753906250000e+00,1.708007812500000000e+01,2.606375122070312500e+01
-3.319938182830810547e-01,1.209384250640869141e+01,2.191315078735351562e+01,2.052648353576660156e+01,1.862998771667480469e+01,1.265368938446044922e+01,8.062602996826171875e+00,1.159980583190917969e+01,1.211094760894775391e+01,1.210495567321777344e+01
4.354773330688476562e+01,4.325519943237304688e+01,5.211640167236328125e+01,4.260516738891601562e+01,3.108453750610351562e+01,3.748366928100585938e+01,4.865053558349609375e+01,5.271847152709960938e+01,5.648957443237304688e+01,7.101068878173828125e+01
-7.971958923339843750e+01,-7.905583953857421875e+01,-7.430253601074218750e+01,-6.273987960815429688e+01,-5.754228210449218750e+01,-4.793168640136718750e+01,-3.913034439086914062e+01,-2.885582542419433594e+01,-4.184907913208007812e+01,-4.688841629028320312e+01
1.008688201904296875e+02,8.309516143798828125e+01,8.891117858886718750e+01,9.004312896728515625e+01,7.589430236816406250e+01,5.582155990600585938e+01,6.519023895263671875e+01,6.835835266113281250e+01,7.926926422119140625e+01,1.118333129882812500e+02
7.547964477539062500e+01,5.315177917480468750e+01,4.998932647705078125e+01,3.649151611328125000e+01,2.500104141235351562e+01,2.753102684020996094e+01,3.842569732666015625e+01,4.092012023925781250e+01,3.831277084350585938e+01,4.327714538574218750e+01
1.003809280395507812e+02,1.098734207153320312e+02,1.280711669921875000e+02,1.317967987060546875e+02,1.238830184936523438e+02,1.153127441406250000e+02,1.102517242431640625e+02,9.810540771484375000e+01,9.243302154541015625e+01,8.971511840820312500e+01
3.449250030517578125e+01,2.812914848327636719e+01,4.580401992797851562e+01,7.381116485595703125e+01,8.778513336181640625e+01,8.721539306640625000e+01,6.840689849853515625e+01,5.609691238403320312e+01,4.602906417846679688e+01,4.777626800537109375e+01
2.180850601196289062e+01,1.469381141662597656e+01,3.618223428726196289e+00,-2.136958312988281250e+01,-4.989427947998046875e+01,-8.517061614990234375e+01,-1.100144271850585938e+02,-1.119207687377929688e+02,-1.244462203979492188e+02,-1.207682571411132812e+02
-7.153715133666992188e+00,-5.199754714965820312e+00,1.626741409301757812e+01,2.204802894592285156e+01,2.918145751953125000e+01,3.102253532409667969e+01,3.427870941162109375e+01,2.041665840148925781e+01,5.667673110961914062e+00,6.226877689361572266e+00
3.379100036621093750e+01,3.757258987426757812e+01,3.896707153320312500e+01,2.645032310485839844e+01,1.685855484008789062e+01,1.894898605346679688e+01,1.827735328674316406e+01,9.391959190368652344e+00,1.137308311462402344e+01,9.116646766662597656e+00
-1.894176292419433594e+01,-2.453611755371093750e+01,-2.330440139770507812e+01,-2.018077468872070312e+01,-9.089967727661132812e+00,1.230005168914794922e+01,3.179278564453125000e+01,3.896105957031250000e+01,4.397855758666992188e+01,8.158609771728515625e+01
1.779168510437011719e+01,6.009723663330078125e+00,-6.701604843139648438e+00,-1.671576690673828125e+01,-2.888203048706054688e+01,-4.197399520874023438e+01,-5.971644973754882812e+01,-6.201888656616210938e+01,-5.230308151245117188e+01,-5.924145126342773438e+01
-9.675128173828125000e+01,-1.023465423583984375e+02,-9.841796112060546875e+01,-1.033537292480468750e+02,-9.960381317138671875e+01,-8.707333374023437500e+01,-8.539125061035156250e+01,-9.135945129394531250e+01,-1.054087905883789062e+02,-1.057407302856445312e+02
7.616333770751953125e+01,7.075389862060546875e+01,5.469707107543945312e+01,4.288195037841796875e+01,4.284319305419921875e+01,3.168951606750488281e+01,4.116841793060302734e+00,-6.257484912872314453e+00,-8.262696266174316406e+00,-1.171255874633789062e+01
1.603363227844238281e+01,1.266485786437988281e+01,-1.987059020996093750e+01,-5.033440399169921875e+01,-7.869253540039062500e+01,-1.086200866699218750e+02,-1.372718811035156250e+02,-1.575485076904296875e+02,-1.343922119140625000e+02,-1.079251861572265625e+02
-4.352526092529296875e+01,-5.058288192749023438e+01,-5.276595687866210938e+01,-5.796309661865234375e+01,-5.968367767333984375e+01,-5.520943832397460938e+01,-4.654527282714843750e+01,-4.119541549682617188e+01,-4.609952163696289062e+01,-4.597696685791015625e+01
8.467932891845703125e+01,8.206545257568359375e+01,9.759234619140625000e+01,9.345425415039062500e+01,7.663243865966796875e+01,7.285186767578125000e+01,9.487770080566406250e+01,8.246517944335937500e+01,5.353990554809570312e+01,4.264698410034179688e+01
5.669733047485351562e+01,5.423188781738281250e+01,4.051237487792968750e+01,3.751181411743164062e+01,4.537708282470703125e+01,4.148379516601562500e+01,4.652433013916015625e+01,6.152437591552734375e+01,4.948627090454101562e+01,4.408692550659179688e+01
-2.832403564453125000e+01,-1.516584396362304688e+01,-1.865889668464660645e+00,-5.044966697692871094e+00,-7.372587680816650391e+00,-7.700151443481445312e+00,-5.748425006866455078e+00,-1.121652317047119141e+01,-2.220252609252929688e+01,-2.397137641906738281e+01
